,Iteration,Time,Fitness,FEvals,use_fast_mimic,Population Size,Keep Percent,max_iters
0,0,0.004557060001388891,0.0,100.0,True,100,0.1,80
1,1,0.043323842000972945,19.34473044324985,202.0,True,100,0.1,80
2,2,0.06813544500255375,21.74195142770823,304.0,True,100,0.1,80
3,3,0.08889406400339794,21.74195142770823,405.0,True,100,0.1,80
4,4,0.11109519200181239,21.74195142770823,506.0,True,100,0.1,80
5,5,0.1337598070022068,21.74195142770823,607.0,True,100,0.1,80
6,6,0.1559826240008988,21.74195142770823,708.0,True,100,0.1,80
7,7,0.17708090100131813,21.74195142770823,809.0,True,100,0.1,80
8,8,0.197947448999912,21.74195142770823,910.0,True,100,0.1,80
9,9,0.21966382700338727,21.74195142770823,1011.0,True,100,0.1,80
10,10,0.244120508999913,21.74195142770823,1112.0,True,100,0.1,80
11,11,0.26640278400009265,21.74195142770823,1213.0,True,100,0.1,80
12,12,0.28794934000325156,21.74195142770823,1314.0,True,100,0.1,80
13,13,0.308865571001661,21.74195142770823,1415.0,True,100,0.1,80
14,14,0.3296315190018504,21.74195142770823,1516.0,True,100,0.1,80
15,15,0.35022293100337265,21.74195142770823,1617.0,True,100,0.1,80
16,16,0.37048610300189466,21.74195142770823,1718.0,True,100,0.1,80
17,17,0.3907346880005207,21.74195142770823,1819.0,True,100,0.1,80
18,18,0.4108792020015244,21.74195142770823,1920.0,True,100,0.1,80
19,19,0.431962842001667,21.74195142770823,2021.0,True,100,0.1,80
20,20,0.4529392240001471,21.74195142770823,2122.0,True,100,0.1,80
21,21,0.47316377900278894,21.74195142770823,2223.0,True,100,0.1,80
22,22,0.49350280100043165,21.74195142770823,2324.0,True,100,0.1,80
23,23,0.5140682340024796,21.74195142770823,2425.0,True,100,0.1,80
24,24,0.5351969310031564,21.74195142770823,2526.0,True,100,0.1,80
25,25,0.5556985930015799,21.74195142770823,2627.0,True,100,0.1,80
26,26,0.5758858310000505,21.74195142770823,2728.0,True,100,0.1,80
27,27,0.5963460250022763,21.74195142770823,2829.0,True,100,0.1,80
28,28,0.6167160290024185,21.74195142770823,2930.0,True,100,0.1,80
29,29,0.6367194310005289,21.74195142770823,3031.0,True,100,0.1,80
30,30,0.6566083790021366,21.74195142770823,3132.0,True,100,0.1,80
31,31,0.6765328200017393,21.74195142770823,3233.0,True,100,0.1,80
32,32,0.6965845930026262,21.74195142770823,3334.0,True,100,0.1,80
33,33,0.7162871690015891,21.74195142770823,3435.0,True,100,0.1,80
34,34,0.7372790150002402,21.74195142770823,3536.0,True,100,0.1,80
35,35,0.7575340550029068,21.74195142770823,3637.0,True,100,0.1,80
36,36,0.7776513120006712,21.74195142770823,3738.0,True,100,0.1,80
37,37,0.7980444050008373,21.74195142770823,3839.0,True,100,0.1,80
38,38,0.8181301080003323,21.74195142770823,3940.0,True,100,0.1,80
39,39,0.8381161249999423,21.74195142770823,4041.0,True,100,0.1,80
40,40,0.8580718970006274,21.74195142770823,4142.0,True,100,0.1,80
41,41,0.8780121520030661,21.74195142770823,4243.0,True,100,0.1,80
42,42,0.8976502040022751,21.74195142770823,4344.0,True,100,0.1,80
43,43,0.9172879190009553,21.74195142770823,4445.0,True,100,0.1,80
44,44,0.9362853750026261,21.74195142770823,4546.0,True,100,0.1,80
45,45,0.9555336869998428,21.74195142770823,4647.0,True,100,0.1,80
46,46,0.9770114540006034,21.74195142770823,4748.0,True,100,0.1,80
47,47,0.9972219810006209,21.74195142770823,4849.0,True,100,0.1,80
48,48,1.0179624900010822,21.74195142770823,4950.0,True,100,0.1,80
49,49,1.0417436950010597,21.74195142770823,5051.0,True,100,0.1,80
50,50,1.0620519860021886,21.74195142770823,5152.0,True,100,0.1,80
51,51,1.1078098899997713,21.74195142770823,5253.0,True,100,0.1,80
52,52,1.1280867990026309,21.74195142770823,5354.0,True,100,0.1,80
53,53,1.1484560620010598,21.74195142770823,5455.0,True,100,0.1,80
54,54,1.1685865390027175,21.74195142770823,5556.0,True,100,0.1,80
55,55,1.1884762910012796,21.74195142770823,5657.0,True,100,0.1,80
56,56,1.2081697909998184,21.74195142770823,5758.0,True,100,0.1,80
57,57,1.2279701290026424,21.74195142770823,5859.0,True,100,0.1,80
58,58,1.2520198400015943,21.74195142770823,5960.0,True,100,0.1,80
59,59,1.2730332230021304,21.74195142770823,6061.0,True,100,0.1,80
60,60,1.293175680002605,21.74195142770823,6162.0,True,100,0.1,80
61,61,1.3183657610024966,21.74195142770823,6263.0,True,100,0.1,80
62,62,1.338271528002224,21.74195142770823,6364.0,True,100,0.1,80
63,63,1.3585788140007935,21.74195142770823,6465.0,True,100,0.1,80
64,64,1.3788862040019012,21.74195142770823,6566.0,True,100,0.1,80
65,65,1.3988156170016737,21.74195142770823,6667.0,True,100,0.1,80
66,66,1.4181470930016076,21.74195142770823,6768.0,True,100,0.1,80
67,67,1.4380323690020305,21.74195142770823,6869.0,True,100,0.1,80
68,68,1.4572331700001087,21.74195142770823,6970.0,True,100,0.1,80
69,69,1.4765579630002321,21.74195142770823,7071.0,True,100,0.1,80
70,70,1.4967044530021667,21.74195142770823,7172.0,True,100,0.1,80
71,71,1.5223234170007345,21.74195142770823,7273.0,True,100,0.1,80
72,72,1.5422419150017959,21.74195142770823,7374.0,True,100,0.1,80
73,73,1.5620111780008301,21.74195142770823,7475.0,True,100,0.1,80
74,74,1.5815866610028024,21.74195142770823,7576.0,True,100,0.1,80
75,75,1.601105745001405,21.74195142770823,7677.0,True,100,0.1,80
76,76,1.62062231100208,21.74195142770823,7778.0,True,100,0.1,80
77,77,1.6402233300032094,21.74195142770823,7879.0,True,100,0.1,80
78,78,1.6596028690000821,21.74195142770823,7980.0,True,100,0.1,80
79,79,1.6789158310020866,21.74195142770823,8081.0,True,100,0.1,80
80,80,1.697978010000952,21.74195142770823,8182.0,True,100,0.1,80
81,0,0.004557060001388891,0.0,100.0,True,100,0.25,80
82,1,0.043323842000972945,19.34473044324985,202.0,True,100,0.25,80
83,2,0.06813544500255375,21.74195142770823,304.0,True,100,0.25,80
84,3,0.08889406400339794,21.74195142770823,405.0,True,100,0.25,80
85,4,0.11109519200181239,21.74195142770823,506.0,True,100,0.25,80
86,5,0.1337598070022068,21.74195142770823,607.0,True,100,0.25,80
87,6,0.1559826240008988,21.74195142770823,708.0,True,100,0.25,80
88,7,0.17708090100131813,21.74195142770823,809.0,True,100,0.25,80
89,8,0.197947448999912,21.74195142770823,910.0,True,100,0.25,80
90,9,0.21966382700338727,21.74195142770823,1011.0,True,100,0.25,80
91,10,0.244120508999913,21.74195142770823,1112.0,True,100,0.25,80
92,11,0.26640278400009265,21.74195142770823,1213.0,True,100,0.25,80
93,12,0.28794934000325156,21.74195142770823,1314.0,True,100,0.25,80
94,13,0.308865571001661,21.74195142770823,1415.0,True,100,0.25,80
95,14,0.3296315190018504,21.74195142770823,1516.0,True,100,0.25,80
96,15,0.35022293100337265,21.74195142770823,1617.0,True,100,0.25,80
97,16,0.37048610300189466,21.74195142770823,1718.0,True,100,0.25,80
98,17,0.3907346880005207,21.74195142770823,1819.0,True,100,0.25,80
99,18,0.4108792020015244,21.74195142770823,1920.0,True,100,0.25,80
100,19,0.431962842001667,21.74195142770823,2021.0,True,100,0.25,80
101,20,0.4529392240001471,21.74195142770823,2122.0,True,100,0.25,80
102,21,0.47316377900278894,21.74195142770823,2223.0,True,100,0.25,80
103,22,0.49350280100043165,21.74195142770823,2324.0,True,100,0.25,80
104,23,0.5140682340024796,21.74195142770823,2425.0,True,100,0.25,80
105,24,0.5351969310031564,21.74195142770823,2526.0,True,100,0.25,80
106,25,0.5556985930015799,21.74195142770823,2627.0,True,100,0.25,80
107,26,0.5758858310000505,21.74195142770823,2728.0,True,100,0.25,80
108,27,0.5963460250022763,21.74195142770823,2829.0,True,100,0.25,80
109,28,0.6167160290024185,21.74195142770823,2930.0,True,100,0.25,80
110,29,0.6367194310005289,21.74195142770823,3031.0,True,100,0.25,80
111,30,0.6566083790021366,21.74195142770823,3132.0,True,100,0.25,80
112,31,0.6765328200017393,21.74195142770823,3233.0,True,100,0.25,80
113,32,0.6965845930026262,21.74195142770823,3334.0,True,100,0.25,80
114,33,0.7162871690015891,21.74195142770823,3435.0,True,100,0.25,80
115,34,0.7372790150002402,21.74195142770823,3536.0,True,100,0.25,80
116,35,0.7575340550029068,21.74195142770823,3637.0,True,100,0.25,80
117,36,0.7776513120006712,21.74195142770823,3738.0,True,100,0.25,80
118,37,0.7980444050008373,21.74195142770823,3839.0,True,100,0.25,80
119,38,0.8181301080003323,21.74195142770823,3940.0,True,100,0.25,80
120,39,0.8381161249999423,21.74195142770823,4041.0,True,100,0.25,80
121,40,0.8580718970006274,21.74195142770823,4142.0,True,100,0.25,80
122,41,0.8780121520030661,21.74195142770823,4243.0,True,100,0.25,80
123,42,0.8976502040022751,21.74195142770823,4344.0,True,100,0.25,80
124,43,0.9172879190009553,21.74195142770823,4445.0,True,100,0.25,80
125,44,0.9362853750026261,21.74195142770823,4546.0,True,100,0.25,80
126,45,0.9555336869998428,21.74195142770823,4647.0,True,100,0.25,80
127,46,0.9770114540006034,21.74195142770823,4748.0,True,100,0.25,80
128,47,0.9972219810006209,21.74195142770823,4849.0,True,100,0.25,80
129,48,1.0179624900010822,21.74195142770823,4950.0,True,100,0.25,80
130,49,1.0417436950010597,21.74195142770823,5051.0,True,100,0.25,80
131,50,1.0620519860021886,21.74195142770823,5152.0,True,100,0.25,80
132,51,1.1078098899997713,21.74195142770823,5253.0,True,100,0.25,80
133,52,1.1280867990026309,21.74195142770823,5354.0,True,100,0.25,80
134,53,1.1484560620010598,21.74195142770823,5455.0,True,100,0.25,80
135,54,1.1685865390027175,21.74195142770823,5556.0,True,100,0.25,80
136,55,1.1884762910012796,21.74195142770823,5657.0,True,100,0.25,80
137,56,1.2081697909998184,21.74195142770823,5758.0,True,100,0.25,80
138,57,1.2279701290026424,21.74195142770823,5859.0,True,100,0.25,80
139,58,1.2520198400015943,21.74195142770823,5960.0,True,100,0.25,80
140,59,1.2730332230021304,21.74195142770823,6061.0,True,100,0.25,80
141,60,1.293175680002605,21.74195142770823,6162.0,True,100,0.25,80
142,61,1.3183657610024966,21.74195142770823,6263.0,True,100,0.25,80
143,62,1.338271528002224,21.74195142770823,6364.0,True,100,0.25,80
144,63,1.3585788140007935,21.74195142770823,6465.0,True,100,0.25,80
145,64,1.3788862040019012,21.74195142770823,6566.0,True,100,0.25,80
146,65,1.3988156170016737,21.74195142770823,6667.0,True,100,0.25,80
147,66,1.4181470930016076,21.74195142770823,6768.0,True,100,0.25,80
148,67,1.4380323690020305,21.74195142770823,6869.0,True,100,0.25,80
149,68,1.4572331700001087,21.74195142770823,6970.0,True,100,0.25,80
150,69,1.4765579630002321,21.74195142770823,7071.0,True,100,0.25,80
151,70,1.4967044530021667,21.74195142770823,7172.0,True,100,0.25,80
152,71,1.5223234170007345,21.74195142770823,7273.0,True,100,0.25,80
153,72,1.5422419150017959,21.74195142770823,7374.0,True,100,0.25,80
154,73,1.5620111780008301,21.74195142770823,7475.0,True,100,0.25,80
155,74,1.5815866610028024,21.74195142770823,7576.0,True,100,0.25,80
156,75,1.601105745001405,21.74195142770823,7677.0,True,100,0.25,80
157,76,1.62062231100208,21.74195142770823,7778.0,True,100,0.25,80
158,77,1.6402233300032094,21.74195142770823,7879.0,True,100,0.25,80
159,78,1.6596028690000821,21.74195142770823,7980.0,True,100,0.25,80
160,79,1.6789158310020866,21.74195142770823,8081.0,True,100,0.25,80
161,80,1.697978010000952,21.74195142770823,8182.0,True,100,0.25,80
162,0,0.004557060001388891,0.0,100.0,True,100,0.5,80
163,1,0.043323842000972945,19.34473044324985,202.0,True,100,0.5,80
164,2,0.06813544500255375,21.74195142770823,304.0,True,100,0.5,80
165,3,0.08889406400339794,21.74195142770823,405.0,True,100,0.5,80
166,4,0.11109519200181239,21.74195142770823,506.0,True,100,0.5,80
167,5,0.1337598070022068,21.74195142770823,607.0,True,100,0.5,80
168,6,0.1559826240008988,21.74195142770823,708.0,True,100,0.5,80
169,7,0.17708090100131813,21.74195142770823,809.0,True,100,0.5,80
170,8,0.197947448999912,21.74195142770823,910.0,True,100,0.5,80
171,9,0.21966382700338727,21.74195142770823,1011.0,True,100,0.5,80
172,10,0.244120508999913,21.74195142770823,1112.0,True,100,0.5,80
173,11,0.26640278400009265,21.74195142770823,1213.0,True,100,0.5,80
174,12,0.28794934000325156,21.74195142770823,1314.0,True,100,0.5,80
175,13,0.308865571001661,21.74195142770823,1415.0,True,100,0.5,80
176,14,0.3296315190018504,21.74195142770823,1516.0,True,100,0.5,80
177,15,0.35022293100337265,21.74195142770823,1617.0,True,100,0.5,80
178,16,0.37048610300189466,21.74195142770823,1718.0,True,100,0.5,80
179,17,0.3907346880005207,21.74195142770823,1819.0,True,100,0.5,80
180,18,0.4108792020015244,21.74195142770823,1920.0,True,100,0.5,80
181,19,0.431962842001667,21.74195142770823,2021.0,True,100,0.5,80
182,20,0.4529392240001471,21.74195142770823,2122.0,True,100,0.5,80
183,21,0.47316377900278894,21.74195142770823,2223.0,True,100,0.5,80
184,22,0.49350280100043165,21.74195142770823,2324.0,True,100,0.5,80
185,23,0.5140682340024796,21.74195142770823,2425.0,True,100,0.5,80
186,24,0.5351969310031564,21.74195142770823,2526.0,True,100,0.5,80
187,25,0.5556985930015799,21.74195142770823,2627.0,True,100,0.5,80
188,26,0.5758858310000505,21.74195142770823,2728.0,True,100,0.5,80
189,27,0.5963460250022763,21.74195142770823,2829.0,True,100,0.5,80
190,28,0.6167160290024185,21.74195142770823,2930.0,True,100,0.5,80
191,29,0.6367194310005289,21.74195142770823,3031.0,True,100,0.5,80
192,30,0.6566083790021366,21.74195142770823,3132.0,True,100,0.5,80
193,31,0.6765328200017393,21.74195142770823,3233.0,True,100,0.5,80
194,32,0.6965845930026262,21.74195142770823,3334.0,True,100,0.5,80
195,33,0.7162871690015891,21.74195142770823,3435.0,True,100,0.5,80
196,34,0.7372790150002402,21.74195142770823,3536.0,True,100,0.5,80
197,35,0.7575340550029068,21.74195142770823,3637.0,True,100,0.5,80
198,36,0.7776513120006712,21.74195142770823,3738.0,True,100,0.5,80
199,37,0.7980444050008373,21.74195142770823,3839.0,True,100,0.5,80
200,38,0.8181301080003323,21.74195142770823,3940.0,True,100,0.5,80
201,39,0.8381161249999423,21.74195142770823,4041.0,True,100,0.5,80
202,40,0.8580718970006274,21.74195142770823,4142.0,True,100,0.5,80
203,41,0.8780121520030661,21.74195142770823,4243.0,True,100,0.5,80
204,42,0.8976502040022751,21.74195142770823,4344.0,True,100,0.5,80
205,43,0.9172879190009553,21.74195142770823,4445.0,True,100,0.5,80
206,44,0.9362853750026261,21.74195142770823,4546.0,True,100,0.5,80
207,45,0.9555336869998428,21.74195142770823,4647.0,True,100,0.5,80
208,46,0.9770114540006034,21.74195142770823,4748.0,True,100,0.5,80
209,47,0.9972219810006209,21.74195142770823,4849.0,True,100,0.5,80
210,48,1.0179624900010822,21.74195142770823,4950.0,True,100,0.5,80
211,49,1.0417436950010597,21.74195142770823,5051.0,True,100,0.5,80
212,50,1.0620519860021886,21.74195142770823,5152.0,True,100,0.5,80
213,51,1.1078098899997713,21.74195142770823,5253.0,True,100,0.5,80
214,52,1.1280867990026309,21.74195142770823,5354.0,True,100,0.5,80
215,53,1.1484560620010598,21.74195142770823,5455.0,True,100,0.5,80
216,54,1.1685865390027175,21.74195142770823,5556.0,True,100,0.5,80
217,55,1.1884762910012796,21.74195142770823,5657.0,True,100,0.5,80
218,56,1.2081697909998184,21.74195142770823,5758.0,True,100,0.5,80
219,57,1.2279701290026424,21.74195142770823,5859.0,True,100,0.5,80
220,58,1.2520198400015943,21.74195142770823,5960.0,True,100,0.5,80
221,59,1.2730332230021304,21.74195142770823,6061.0,True,100,0.5,80
222,60,1.293175680002605,21.74195142770823,6162.0,True,100,0.5,80
223,61,1.3183657610024966,21.74195142770823,6263.0,True,100,0.5,80
224,62,1.338271528002224,21.74195142770823,6364.0,True,100,0.5,80
225,63,1.3585788140007935,21.74195142770823,6465.0,True,100,0.5,80
226,64,1.3788862040019012,21.74195142770823,6566.0,True,100,0.5,80
227,65,1.3988156170016737,21.74195142770823,6667.0,True,100,0.5,80
228,66,1.4181470930016076,21.74195142770823,6768.0,True,100,0.5,80
229,67,1.4380323690020305,21.74195142770823,6869.0,True,100,0.5,80
230,68,1.4572331700001087,21.74195142770823,6970.0,True,100,0.5,80
231,69,1.4765579630002321,21.74195142770823,7071.0,True,100,0.5,80
232,70,1.4967044530021667,21.74195142770823,7172.0,True,100,0.5,80
233,71,1.5223234170007345,21.74195142770823,7273.0,True,100,0.5,80
234,72,1.5422419150017959,21.74195142770823,7374.0,True,100,0.5,80
235,73,1.5620111780008301,21.74195142770823,7475.0,True,100,0.5,80
236,74,1.5815866610028024,21.74195142770823,7576.0,True,100,0.5,80
237,75,1.601105745001405,21.74195142770823,7677.0,True,100,0.5,80
238,76,1.62062231100208,21.74195142770823,7778.0,True,100,0.5,80
239,77,1.6402233300032094,21.74195142770823,7879.0,True,100,0.5,80
240,78,1.6596028690000821,21.74195142770823,7980.0,True,100,0.5,80
241,79,1.6789158310020866,21.74195142770823,8081.0,True,100,0.5,80
242,80,1.697978010000952,21.74195142770823,8182.0,True,100,0.5,80
243,0,0.004557060001388891,0.0,100.0,True,100,0.75,80
244,1,0.043323842000972945,19.34473044324985,202.0,True,100,0.75,80
245,2,0.06813544500255375,21.74195142770823,304.0,True,100,0.75,80
246,3,0.08889406400339794,21.74195142770823,405.0,True,100,0.75,80
247,4,0.11109519200181239,21.74195142770823,506.0,True,100,0.75,80
248,5,0.1337598070022068,21.74195142770823,607.0,True,100,0.75,80
249,6,0.1559826240008988,21.74195142770823,708.0,True,100,0.75,80
250,7,0.17708090100131813,21.74195142770823,809.0,True,100,0.75,80
251,8,0.197947448999912,21.74195142770823,910.0,True,100,0.75,80
252,9,0.21966382700338727,21.74195142770823,1011.0,True,100,0.75,80
253,10,0.244120508999913,21.74195142770823,1112.0,True,100,0.75,80
254,11,0.26640278400009265,21.74195142770823,1213.0,True,100,0.75,80
255,12,0.28794934000325156,21.74195142770823,1314.0,True,100,0.75,80
256,13,0.308865571001661,21.74195142770823,1415.0,True,100,0.75,80
257,14,0.3296315190018504,21.74195142770823,1516.0,True,100,0.75,80
258,15,0.35022293100337265,21.74195142770823,1617.0,True,100,0.75,80
259,16,0.37048610300189466,21.74195142770823,1718.0,True,100,0.75,80
260,17,0.3907346880005207,21.74195142770823,1819.0,True,100,0.75,80
261,18,0.4108792020015244,21.74195142770823,1920.0,True,100,0.75,80
262,19,0.431962842001667,21.74195142770823,2021.0,True,100,0.75,80
263,20,0.4529392240001471,21.74195142770823,2122.0,True,100,0.75,80
264,21,0.47316377900278894,21.74195142770823,2223.0,True,100,0.75,80
265,22,0.49350280100043165,21.74195142770823,2324.0,True,100,0.75,80
266,23,0.5140682340024796,21.74195142770823,2425.0,True,100,0.75,80
267,24,0.5351969310031564,21.74195142770823,2526.0,True,100,0.75,80
268,25,0.5556985930015799,21.74195142770823,2627.0,True,100,0.75,80
269,26,0.5758858310000505,21.74195142770823,2728.0,True,100,0.75,80
270,27,0.5963460250022763,21.74195142770823,2829.0,True,100,0.75,80
271,28,0.6167160290024185,21.74195142770823,2930.0,True,100,0.75,80
272,29,0.6367194310005289,21.74195142770823,3031.0,True,100,0.75,80
273,30,0.6566083790021366,21.74195142770823,3132.0,True,100,0.75,80
274,31,0.6765328200017393,21.74195142770823,3233.0,True,100,0.75,80
275,32,0.6965845930026262,21.74195142770823,3334.0,True,100,0.75,80
276,33,0.7162871690015891,21.74195142770823,3435.0,True,100,0.75,80
277,34,0.7372790150002402,21.74195142770823,3536.0,True,100,0.75,80
278,35,0.7575340550029068,21.74195142770823,3637.0,True,100,0.75,80
279,36,0.7776513120006712,21.74195142770823,3738.0,True,100,0.75,80
280,37,0.7980444050008373,21.74195142770823,3839.0,True,100,0.75,80
281,38,0.8181301080003323,21.74195142770823,3940.0,True,100,0.75,80
282,39,0.8381161249999423,21.74195142770823,4041.0,True,100,0.75,80
283,40,0.8580718970006274,21.74195142770823,4142.0,True,100,0.75,80
284,41,0.8780121520030661,21.74195142770823,4243.0,True,100,0.75,80
285,42,0.8976502040022751,21.74195142770823,4344.0,True,100,0.75,80
286,43,0.9172879190009553,21.74195142770823,4445.0,True,100,0.75,80
287,44,0.9362853750026261,21.74195142770823,4546.0,True,100,0.75,80
288,45,0.9555336869998428,21.74195142770823,4647.0,True,100,0.75,80
289,46,0.9770114540006034,21.74195142770823,4748.0,True,100,0.75,80
290,47,0.9972219810006209,21.74195142770823,4849.0,True,100,0.75,80
291,48,1.0179624900010822,21.74195142770823,4950.0,True,100,0.75,80
292,49,1.0417436950010597,21.74195142770823,5051.0,True,100,0.75,80
293,50,1.0620519860021886,21.74195142770823,5152.0,True,100,0.75,80
294,51,1.1078098899997713,21.74195142770823,5253.0,True,100,0.75,80
295,52,1.1280867990026309,21.74195142770823,5354.0,True,100,0.75,80
296,53,1.1484560620010598,21.74195142770823,5455.0,True,100,0.75,80
297,54,1.1685865390027175,21.74195142770823,5556.0,True,100,0.75,80
298,55,1.1884762910012796,21.74195142770823,5657.0,True,100,0.75,80
299,56,1.2081697909998184,21.74195142770823,5758.0,True,100,0.75,80
300,57,1.2279701290026424,21.74195142770823,5859.0,True,100,0.75,80
301,58,1.2520198400015943,21.74195142770823,5960.0,True,100,0.75,80
302,59,1.2730332230021304,21.74195142770823,6061.0,True,100,0.75,80
303,60,1.293175680002605,21.74195142770823,6162.0,True,100,0.75,80
304,61,1.3183657610024966,21.74195142770823,6263.0,True,100,0.75,80
305,62,1.338271528002224,21.74195142770823,6364.0,True,100,0.75,80
306,63,1.3585788140007935,21.74195142770823,6465.0,True,100,0.75,80
307,64,1.3788862040019012,21.74195142770823,6566.0,True,100,0.75,80
308,65,1.3988156170016737,21.74195142770823,6667.0,True,100,0.75,80
309,66,1.4181470930016076,21.74195142770823,6768.0,True,100,0.75,80
310,67,1.4380323690020305,21.74195142770823,6869.0,True,100,0.75,80
311,68,1.4572331700001087,21.74195142770823,6970.0,True,100,0.75,80
312,69,1.4765579630002321,21.74195142770823,7071.0,True,100,0.75,80
313,70,1.4967044530021667,21.74195142770823,7172.0,True,100,0.75,80
314,71,1.5223234170007345,21.74195142770823,7273.0,True,100,0.75,80
315,72,1.5422419150017959,21.74195142770823,7374.0,True,100,0.75,80
316,73,1.5620111780008301,21.74195142770823,7475.0,True,100,0.75,80
317,74,1.5815866610028024,21.74195142770823,7576.0,True,100,0.75,80
318,75,1.601105745001405,21.74195142770823,7677.0,True,100,0.75,80
319,76,1.62062231100208,21.74195142770823,7778.0,True,100,0.75,80
320,77,1.6402233300032094,21.74195142770823,7879.0,True,100,0.75,80
321,78,1.6596028690000821,21.74195142770823,7980.0,True,100,0.75,80
322,79,1.6789158310020866,21.74195142770823,8081.0,True,100,0.75,80
323,80,1.697978010000952,21.74195142770823,8182.0,True,100,0.75,80
324,0,0.004557060001388891,0.0,200.0,True,200,0.1,80
325,1,0.043323842000972945,0.0,401.0,True,200,0.1,80
326,2,0.06813544500255375,18.577843782305592,603.0,True,200,0.1,80
327,3,0.08889406400339794,18.577843782305592,804.0,True,200,0.1,80
328,4,0.11109519200181239,18.577843782305592,1005.0,True,200,0.1,80
329,5,0.1337598070022068,19.664545858666493,1207.0,True,200,0.1,80
330,6,0.1559826240008988,19.664545858666493,1408.0,True,200,0.1,80
331,7,0.17708090100131813,19.664545858666493,1609.0,True,200,0.1,80
332,8,0.197947448999912,21.24969966136499,1811.0,True,200,0.1,80
333,9,0.21966382700338727,21.24969966136499,2012.0,True,200,0.1,80
334,10,0.244120508999913,21.24969966136499,2213.0,True,200,0.1,80
335,11,0.26640278400009265,21.24969966136499,2414.0,True,200,0.1,80
336,12,0.28794934000325156,21.24969966136499,2615.0,True,200,0.1,80
337,13,0.308865571001661,21.24969966136499,2816.0,True,200,0.1,80
338,14,0.3296315190018504,21.24969966136499,3017.0,True,200,0.1,80
339,15,0.35022293100337265,21.24969966136499,3218.0,True,200,0.1,80
340,16,0.37048610300189466,21.24969966136499,3419.0,True,200,0.1,80
341,17,0.3907346880005207,21.24969966136499,3620.0,True,200,0.1,80
342,18,0.4108792020015244,21.24969966136499,3821.0,True,200,0.1,80
343,19,0.431962842001667,21.24969966136499,4022.0,True,200,0.1,80
344,20,0.4529392240001471,21.24969966136499,4223.0,True,200,0.1,80
345,21,0.47316377900278894,21.24969966136499,4424.0,True,200,0.1,80
346,22,0.49350280100043165,21.24969966136499,4625.0,True,200,0.1,80
347,23,0.5140682340024796,21.24969966136499,4826.0,True,200,0.1,80
348,24,0.5351969310031564,21.24969966136499,5027.0,True,200,0.1,80
349,25,0.5556985930015799,21.24969966136499,5228.0,True,200,0.1,80
350,26,0.5758858310000505,21.24969966136499,5429.0,True,200,0.1,80
351,27,0.5963460250022763,21.24969966136499,5630.0,True,200,0.1,80
352,28,0.6167160290024185,21.24969966136499,5831.0,True,200,0.1,80
353,29,0.6367194310005289,21.24969966136499,6032.0,True,200,0.1,80
354,30,0.6566083790021366,21.24969966136499,6233.0,True,200,0.1,80
355,31,0.6765328200017393,21.24969966136499,6434.0,True,200,0.1,80
356,32,0.6965845930026262,21.24969966136499,6635.0,True,200,0.1,80
357,33,0.7162871690015891,21.24969966136499,6836.0,True,200,0.1,80
358,34,0.7372790150002402,21.24969966136499,7037.0,True,200,0.1,80
359,35,0.7575340550029068,21.24969966136499,7238.0,True,200,0.1,80
360,36,0.7776513120006712,21.24969966136499,7439.0,True,200,0.1,80
361,37,0.7980444050008373,21.24969966136499,7640.0,True,200,0.1,80
362,38,0.8181301080003323,21.24969966136499,7841.0,True,200,0.1,80
363,39,0.8381161249999423,21.24969966136499,8042.0,True,200,0.1,80
364,40,0.8580718970006274,21.24969966136499,8243.0,True,200,0.1,80
365,41,0.8780121520030661,21.24969966136499,8444.0,True,200,0.1,80
366,42,0.8976502040022751,21.24969966136499,8645.0,True,200,0.1,80
367,43,0.9172879190009553,21.24969966136499,8846.0,True,200,0.1,80
368,44,0.9362853750026261,21.24969966136499,9047.0,True,200,0.1,80
369,45,0.9555336869998428,21.24969966136499,9248.0,True,200,0.1,80
370,46,0.9770114540006034,21.24969966136499,9449.0,True,200,0.1,80
371,47,0.9972219810006209,21.24969966136499,9650.0,True,200,0.1,80
372,48,1.0179624900010822,21.24969966136499,9851.0,True,200,0.1,80
373,49,1.0417436950010597,21.24969966136499,10052.0,True,200,0.1,80
374,50,1.0620519860021886,21.24969966136499,10253.0,True,200,0.1,80
375,51,1.1078098899997713,21.24969966136499,10454.0,True,200,0.1,80
376,52,1.1280867990026309,21.24969966136499,10655.0,True,200,0.1,80
377,53,1.1484560620010598,21.24969966136499,10856.0,True,200,0.1,80
378,54,1.1685865390027175,21.24969966136499,11057.0,True,200,0.1,80
379,55,1.1884762910012796,21.24969966136499,11258.0,True,200,0.1,80
380,56,1.2081697909998184,21.24969966136499,11459.0,True,200,0.1,80
381,57,1.2279701290026424,21.24969966136499,11660.0,True,200,0.1,80
382,58,1.2520198400015943,21.24969966136499,11861.0,True,200,0.1,80
383,59,1.2730332230021304,21.24969966136499,12062.0,True,200,0.1,80
384,60,1.293175680002605,21.24969966136499,12263.0,True,200,0.1,80
385,61,1.3183657610024966,21.24969966136499,12464.0,True,200,0.1,80
386,62,1.338271528002224,21.24969966136499,12665.0,True,200,0.1,80
387,63,1.3585788140007935,21.24969966136499,12866.0,True,200,0.1,80
388,64,1.3788862040019012,21.24969966136499,13067.0,True,200,0.1,80
389,65,1.3988156170016737,21.24969966136499,13268.0,True,200,0.1,80
390,66,1.4181470930016076,21.24969966136499,13469.0,True,200,0.1,80
391,67,1.4380323690020305,21.24969966136499,13670.0,True,200,0.1,80
392,68,1.4572331700001087,21.24969966136499,13871.0,True,200,0.1,80
393,69,1.4765579630002321,21.24969966136499,14072.0,True,200,0.1,80
394,70,1.4967044530021667,21.24969966136499,14273.0,True,200,0.1,80
395,71,1.5223234170007345,21.24969966136499,14474.0,True,200,0.1,80
396,72,1.5422419150017959,21.24969966136499,14675.0,True,200,0.1,80
397,73,1.5620111780008301,21.24969966136499,14876.0,True,200,0.1,80
398,74,1.5815866610028024,21.24969966136499,15077.0,True,200,0.1,80
399,75,1.601105745001405,21.24969966136499,15278.0,True,200,0.1,80
400,76,1.62062231100208,21.24969966136499,15479.0,True,200,0.1,80
401,77,1.6402233300032094,21.24969966136499,15680.0,True,200,0.1,80
402,78,1.6596028690000821,21.24969966136499,15881.0,True,200,0.1,80
403,79,1.6789158310020866,21.24969966136499,16082.0,True,200,0.1,80
404,80,1.697978010000952,21.24969966136499,16283.0,True,200,0.1,80
405,0,0.004557060001388891,0.0,200.0,True,200,0.25,80
406,1,0.043323842000972945,0.0,401.0,True,200,0.25,80
407,2,0.06813544500255375,18.577843782305592,603.0,True,200,0.25,80
408,3,0.08889406400339794,18.577843782305592,804.0,True,200,0.25,80
409,4,0.11109519200181239,18.577843782305592,1005.0,True,200,0.25,80
410,5,0.1337598070022068,19.664545858666493,1207.0,True,200,0.25,80
411,6,0.1559826240008988,19.664545858666493,1408.0,True,200,0.25,80
412,7,0.17708090100131813,19.664545858666493,1609.0,True,200,0.25,80
413,8,0.197947448999912,21.24969966136499,1811.0,True,200,0.25,80
414,9,0.21966382700338727,21.24969966136499,2012.0,True,200,0.25,80
415,10,0.244120508999913,21.24969966136499,2213.0,True,200,0.25,80
416,11,0.26640278400009265,21.24969966136499,2414.0,True,200,0.25,80
417,12,0.28794934000325156,21.24969966136499,2615.0,True,200,0.25,80
418,13,0.308865571001661,21.24969966136499,2816.0,True,200,0.25,80
419,14,0.3296315190018504,21.24969966136499,3017.0,True,200,0.25,80
420,15,0.35022293100337265,21.24969966136499,3218.0,True,200,0.25,80
421,16,0.37048610300189466,21.24969966136499,3419.0,True,200,0.25,80
422,17,0.3907346880005207,21.24969966136499,3620.0,True,200,0.25,80
423,18,0.4108792020015244,21.24969966136499,3821.0,True,200,0.25,80
424,19,0.431962842001667,21.24969966136499,4022.0,True,200,0.25,80
425,20,0.4529392240001471,21.24969966136499,4223.0,True,200,0.25,80
426,21,0.47316377900278894,21.24969966136499,4424.0,True,200,0.25,80
427,22,0.49350280100043165,21.24969966136499,4625.0,True,200,0.25,80
428,23,0.5140682340024796,21.24969966136499,4826.0,True,200,0.25,80
429,24,0.5351969310031564,21.24969966136499,5027.0,True,200,0.25,80
430,25,0.5556985930015799,21.24969966136499,5228.0,True,200,0.25,80
431,26,0.5758858310000505,21.24969966136499,5429.0,True,200,0.25,80
432,27,0.5963460250022763,21.24969966136499,5630.0,True,200,0.25,80
433,28,0.6167160290024185,21.24969966136499,5831.0,True,200,0.25,80
434,29,0.6367194310005289,21.24969966136499,6032.0,True,200,0.25,80
435,30,0.6566083790021366,21.24969966136499,6233.0,True,200,0.25,80
436,31,0.6765328200017393,21.24969966136499,6434.0,True,200,0.25,80
437,32,0.6965845930026262,21.24969966136499,6635.0,True,200,0.25,80
438,33,0.7162871690015891,21.24969966136499,6836.0,True,200,0.25,80
439,34,0.7372790150002402,21.24969966136499,7037.0,True,200,0.25,80
440,35,0.7575340550029068,21.24969966136499,7238.0,True,200,0.25,80
441,36,0.7776513120006712,21.24969966136499,7439.0,True,200,0.25,80
442,37,0.7980444050008373,21.24969966136499,7640.0,True,200,0.25,80
443,38,0.8181301080003323,21.24969966136499,7841.0,True,200,0.25,80
444,39,0.8381161249999423,21.24969966136499,8042.0,True,200,0.25,80
445,40,0.8580718970006274,21.24969966136499,8243.0,True,200,0.25,80
446,41,0.8780121520030661,21.24969966136499,8444.0,True,200,0.25,80
447,42,0.8976502040022751,21.24969966136499,8645.0,True,200,0.25,80
448,43,0.9172879190009553,21.24969966136499,8846.0,True,200,0.25,80
449,44,0.9362853750026261,21.24969966136499,9047.0,True,200,0.25,80
450,45,0.9555336869998428,21.24969966136499,9248.0,True,200,0.25,80
451,46,0.9770114540006034,21.24969966136499,9449.0,True,200,0.25,80
452,47,0.9972219810006209,21.24969966136499,9650.0,True,200,0.25,80
453,48,1.0179624900010822,21.24969966136499,9851.0,True,200,0.25,80
454,49,1.0417436950010597,21.24969966136499,10052.0,True,200,0.25,80
455,50,1.0620519860021886,21.24969966136499,10253.0,True,200,0.25,80
456,51,1.1078098899997713,21.24969966136499,10454.0,True,200,0.25,80
457,52,1.1280867990026309,21.24969966136499,10655.0,True,200,0.25,80
458,53,1.1484560620010598,21.24969966136499,10856.0,True,200,0.25,80
459,54,1.1685865390027175,21.24969966136499,11057.0,True,200,0.25,80
460,55,1.1884762910012796,21.24969966136499,11258.0,True,200,0.25,80
461,56,1.2081697909998184,21.24969966136499,11459.0,True,200,0.25,80
462,57,1.2279701290026424,21.24969966136499,11660.0,True,200,0.25,80
463,58,1.2520198400015943,21.24969966136499,11861.0,True,200,0.25,80
464,59,1.2730332230021304,21.24969966136499,12062.0,True,200,0.25,80
465,60,1.293175680002605,21.24969966136499,12263.0,True,200,0.25,80
466,61,1.3183657610024966,21.24969966136499,12464.0,True,200,0.25,80
467,62,1.338271528002224,21.24969966136499,12665.0,True,200,0.25,80
468,63,1.3585788140007935,21.24969966136499,12866.0,True,200,0.25,80
469,64,1.3788862040019012,21.24969966136499,13067.0,True,200,0.25,80
470,65,1.3988156170016737,21.24969966136499,13268.0,True,200,0.25,80
471,66,1.4181470930016076,21.24969966136499,13469.0,True,200,0.25,80
472,67,1.4380323690020305,21.24969966136499,13670.0,True,200,0.25,80
473,68,1.4572331700001087,21.24969966136499,13871.0,True,200,0.25,80
474,69,1.4765579630002321,21.24969966136499,14072.0,True,200,0.25,80
475,70,1.4967044530021667,21.24969966136499,14273.0,True,200,0.25,80
476,71,1.5223234170007345,21.24969966136499,14474.0,True,200,0.25,80
477,72,1.5422419150017959,21.24969966136499,14675.0,True,200,0.25,80
478,73,1.5620111780008301,21.24969966136499,14876.0,True,200,0.25,80
479,74,1.5815866610028024,21.24969966136499,15077.0,True,200,0.25,80
480,75,1.601105745001405,21.24969966136499,15278.0,True,200,0.25,80
481,76,1.62062231100208,21.24969966136499,15479.0,True,200,0.25,80
482,77,1.6402233300032094,21.24969966136499,15680.0,True,200,0.25,80
483,78,1.6596028690000821,21.24969966136499,15881.0,True,200,0.25,80
484,79,1.6789158310020866,21.24969966136499,16082.0,True,200,0.25,80
485,80,1.697978010000952,21.24969966136499,16283.0,True,200,0.25,80
486,0,0.004557060001388891,0.0,200.0,True,200,0.5,80
487,1,0.043323842000972945,0.0,401.0,True,200,0.5,80
488,2,0.06813544500255375,18.577843782305592,603.0,True,200,0.5,80
489,3,0.08889406400339794,18.577843782305592,804.0,True,200,0.5,80
490,4,0.11109519200181239,18.577843782305592,1005.0,True,200,0.5,80
491,5,0.1337598070022068,19.664545858666493,1207.0,True,200,0.5,80
492,6,0.1559826240008988,19.664545858666493,1408.0,True,200,0.5,80
493,7,0.17708090100131813,19.664545858666493,1609.0,True,200,0.5,80
494,8,0.197947448999912,21.24969966136499,1811.0,True,200,0.5,80
495,9,0.21966382700338727,21.24969966136499,2012.0,True,200,0.5,80
496,10,0.244120508999913,21.24969966136499,2213.0,True,200,0.5,80
497,11,0.26640278400009265,21.24969966136499,2414.0,True,200,0.5,80
498,12,0.28794934000325156,21.24969966136499,2615.0,True,200,0.5,80
499,13,0.308865571001661,21.24969966136499,2816.0,True,200,0.5,80
500,14,0.3296315190018504,21.24969966136499,3017.0,True,200,0.5,80
501,15,0.35022293100337265,21.24969966136499,3218.0,True,200,0.5,80
502,16,0.37048610300189466,21.24969966136499,3419.0,True,200,0.5,80
503,17,0.3907346880005207,21.24969966136499,3620.0,True,200,0.5,80
504,18,0.4108792020015244,21.24969966136499,3821.0,True,200,0.5,80
505,19,0.431962842001667,21.24969966136499,4022.0,True,200,0.5,80
506,20,0.4529392240001471,21.24969966136499,4223.0,True,200,0.5,80
507,21,0.47316377900278894,21.24969966136499,4424.0,True,200,0.5,80
508,22,0.49350280100043165,21.24969966136499,4625.0,True,200,0.5,80
509,23,0.5140682340024796,21.24969966136499,4826.0,True,200,0.5,80
510,24,0.5351969310031564,21.24969966136499,5027.0,True,200,0.5,80
511,25,0.5556985930015799,21.24969966136499,5228.0,True,200,0.5,80
512,26,0.5758858310000505,21.24969966136499,5429.0,True,200,0.5,80
513,27,0.5963460250022763,21.24969966136499,5630.0,True,200,0.5,80
514,28,0.6167160290024185,21.24969966136499,5831.0,True,200,0.5,80
515,29,0.6367194310005289,21.24969966136499,6032.0,True,200,0.5,80
516,30,0.6566083790021366,21.24969966136499,6233.0,True,200,0.5,80
517,31,0.6765328200017393,21.24969966136499,6434.0,True,200,0.5,80
518,32,0.6965845930026262,21.24969966136499,6635.0,True,200,0.5,80
519,33,0.7162871690015891,21.24969966136499,6836.0,True,200,0.5,80
520,34,0.7372790150002402,21.24969966136499,7037.0,True,200,0.5,80
521,35,0.7575340550029068,21.24969966136499,7238.0,True,200,0.5,80
522,36,0.7776513120006712,21.24969966136499,7439.0,True,200,0.5,80
523,37,0.7980444050008373,21.24969966136499,7640.0,True,200,0.5,80
524,38,0.8181301080003323,21.24969966136499,7841.0,True,200,0.5,80
525,39,0.8381161249999423,21.24969966136499,8042.0,True,200,0.5,80
526,40,0.8580718970006274,21.24969966136499,8243.0,True,200,0.5,80
527,41,0.8780121520030661,21.24969966136499,8444.0,True,200,0.5,80
528,42,0.8976502040022751,21.24969966136499,8645.0,True,200,0.5,80
529,43,0.9172879190009553,21.24969966136499,8846.0,True,200,0.5,80
530,44,0.9362853750026261,21.24969966136499,9047.0,True,200,0.5,80
531,45,0.9555336869998428,21.24969966136499,9248.0,True,200,0.5,80
532,46,0.9770114540006034,21.24969966136499,9449.0,True,200,0.5,80
533,47,0.9972219810006209,21.24969966136499,9650.0,True,200,0.5,80
534,48,1.0179624900010822,21.24969966136499,9851.0,True,200,0.5,80
535,49,1.0417436950010597,21.24969966136499,10052.0,True,200,0.5,80
536,50,1.0620519860021886,21.24969966136499,10253.0,True,200,0.5,80
537,51,1.1078098899997713,21.24969966136499,10454.0,True,200,0.5,80
538,52,1.1280867990026309,21.24969966136499,10655.0,True,200,0.5,80
539,53,1.1484560620010598,21.24969966136499,10856.0,True,200,0.5,80
540,54,1.1685865390027175,21.24969966136499,11057.0,True,200,0.5,80
541,55,1.1884762910012796,21.24969966136499,11258.0,True,200,0.5,80
542,56,1.2081697909998184,21.24969966136499,11459.0,True,200,0.5,80
543,57,1.2279701290026424,21.24969966136499,11660.0,True,200,0.5,80
544,58,1.2520198400015943,21.24969966136499,11861.0,True,200,0.5,80
545,59,1.2730332230021304,21.24969966136499,12062.0,True,200,0.5,80
546,60,1.293175680002605,21.24969966136499,12263.0,True,200,0.5,80
547,61,1.3183657610024966,21.24969966136499,12464.0,True,200,0.5,80
548,62,1.338271528002224,21.24969966136499,12665.0,True,200,0.5,80
549,63,1.3585788140007935,21.24969966136499,12866.0,True,200,0.5,80
550,64,1.3788862040019012,21.24969966136499,13067.0,True,200,0.5,80
551,65,1.3988156170016737,21.24969966136499,13268.0,True,200,0.5,80
552,66,1.4181470930016076,21.24969966136499,13469.0,True,200,0.5,80
553,67,1.4380323690020305,21.24969966136499,13670.0,True,200,0.5,80
554,68,1.4572331700001087,21.24969966136499,13871.0,True,200,0.5,80
555,69,1.4765579630002321,21.24969966136499,14072.0,True,200,0.5,80
556,70,1.4967044530021667,21.24969966136499,14273.0,True,200,0.5,80
557,71,1.5223234170007345,21.24969966136499,14474.0,True,200,0.5,80
558,72,1.5422419150017959,21.24969966136499,14675.0,True,200,0.5,80
559,73,1.5620111780008301,21.24969966136499,14876.0,True,200,0.5,80
560,74,1.5815866610028024,21.24969966136499,15077.0,True,200,0.5,80
561,75,1.601105745001405,21.24969966136499,15278.0,True,200,0.5,80
562,76,1.62062231100208,21.24969966136499,15479.0,True,200,0.5,80
563,77,1.6402233300032094,21.24969966136499,15680.0,True,200,0.5,80
564,78,1.6596028690000821,21.24969966136499,15881.0,True,200,0.5,80
565,79,1.6789158310020866,21.24969966136499,16082.0,True,200,0.5,80
566,80,1.697978010000952,21.24969966136499,16283.0,True,200,0.5,80
567,0,0.004557060001388891,0.0,200.0,True,200,0.75,80
568,1,0.043323842000972945,0.0,401.0,True,200,0.75,80
569,2,0.06813544500255375,18.577843782305592,603.0,True,200,0.75,80
570,3,0.08889406400339794,18.577843782305592,804.0,True,200,0.75,80
571,4,0.11109519200181239,18.577843782305592,1005.0,True,200,0.75,80
572,5,0.1337598070022068,19.664545858666493,1207.0,True,200,0.75,80
573,6,0.1559826240008988,19.664545858666493,1408.0,True,200,0.75,80
574,7,0.17708090100131813,19.664545858666493,1609.0,True,200,0.75,80
575,8,0.197947448999912,21.24969966136499,1811.0,True,200,0.75,80
576,9,0.21966382700338727,21.24969966136499,2012.0,True,200,0.75,80
577,10,0.244120508999913,21.24969966136499,2213.0,True,200,0.75,80
578,11,0.26640278400009265,21.24969966136499,2414.0,True,200,0.75,80
579,12,0.28794934000325156,21.24969966136499,2615.0,True,200,0.75,80
580,13,0.308865571001661,21.24969966136499,2816.0,True,200,0.75,80
581,14,0.3296315190018504,21.24969966136499,3017.0,True,200,0.75,80
582,15,0.35022293100337265,21.24969966136499,3218.0,True,200,0.75,80
583,16,0.37048610300189466,21.24969966136499,3419.0,True,200,0.75,80
584,17,0.3907346880005207,21.24969966136499,3620.0,True,200,0.75,80
585,18,0.4108792020015244,21.24969966136499,3821.0,True,200,0.75,80
586,19,0.431962842001667,21.24969966136499,4022.0,True,200,0.75,80
587,20,0.4529392240001471,21.24969966136499,4223.0,True,200,0.75,80
588,21,0.47316377900278894,21.24969966136499,4424.0,True,200,0.75,80
589,22,0.49350280100043165,21.24969966136499,4625.0,True,200,0.75,80
590,23,0.5140682340024796,21.24969966136499,4826.0,True,200,0.75,80
591,24,0.5351969310031564,21.24969966136499,5027.0,True,200,0.75,80
592,25,0.5556985930015799,21.24969966136499,5228.0,True,200,0.75,80
593,26,0.5758858310000505,21.24969966136499,5429.0,True,200,0.75,80
594,27,0.5963460250022763,21.24969966136499,5630.0,True,200,0.75,80
595,28,0.6167160290024185,21.24969966136499,5831.0,True,200,0.75,80
596,29,0.6367194310005289,21.24969966136499,6032.0,True,200,0.75,80
597,30,0.6566083790021366,21.24969966136499,6233.0,True,200,0.75,80
598,31,0.6765328200017393,21.24969966136499,6434.0,True,200,0.75,80
599,32,0.6965845930026262,21.24969966136499,6635.0,True,200,0.75,80
600,33,0.7162871690015891,21.24969966136499,6836.0,True,200,0.75,80
601,34,0.7372790150002402,21.24969966136499,7037.0,True,200,0.75,80
602,35,0.7575340550029068,21.24969966136499,7238.0,True,200,0.75,80
603,36,0.7776513120006712,21.24969966136499,7439.0,True,200,0.75,80
604,37,0.7980444050008373,21.24969966136499,7640.0,True,200,0.75,80
605,38,0.8181301080003323,21.24969966136499,7841.0,True,200,0.75,80
606,39,0.8381161249999423,21.24969966136499,8042.0,True,200,0.75,80
607,40,0.8580718970006274,21.24969966136499,8243.0,True,200,0.75,80
608,41,0.8780121520030661,21.24969966136499,8444.0,True,200,0.75,80
609,42,0.8976502040022751,21.24969966136499,8645.0,True,200,0.75,80
610,43,0.9172879190009553,21.24969966136499,8846.0,True,200,0.75,80
611,44,0.9362853750026261,21.24969966136499,9047.0,True,200,0.75,80
612,45,0.9555336869998428,21.24969966136499,9248.0,True,200,0.75,80
613,46,0.9770114540006034,21.24969966136499,9449.0,True,200,0.75,80
614,47,0.9972219810006209,21.24969966136499,9650.0,True,200,0.75,80
615,48,1.0179624900010822,21.24969966136499,9851.0,True,200,0.75,80
616,49,1.0417436950010597,21.24969966136499,10052.0,True,200,0.75,80
617,50,1.0620519860021886,21.24969966136499,10253.0,True,200,0.75,80
618,51,1.1078098899997713,21.24969966136499,10454.0,True,200,0.75,80
619,52,1.1280867990026309,21.24969966136499,10655.0,True,200,0.75,80
620,53,1.1484560620010598,21.24969966136499,10856.0,True,200,0.75,80
621,54,1.1685865390027175,21.24969966136499,11057.0,True,200,0.75,80
622,55,1.1884762910012796,21.24969966136499,11258.0,True,200,0.75,80
623,56,1.2081697909998184,21.24969966136499,11459.0,True,200,0.75,80
624,57,1.2279701290026424,21.24969966136499,11660.0,True,200,0.75,80
625,58,1.2520198400015943,21.24969966136499,11861.0,True,200,0.75,80
626,59,1.2730332230021304,21.24969966136499,12062.0,True,200,0.75,80
627,60,1.293175680002605,21.24969966136499,12263.0,True,200,0.75,80
628,61,1.3183657610024966,21.24969966136499,12464.0,True,200,0.75,80
629,62,1.338271528002224,21.24969966136499,12665.0,True,200,0.75,80
630,63,1.3585788140007935,21.24969966136499,12866.0,True,200,0.75,80
631,64,1.3788862040019012,21.24969966136499,13067.0,True,200,0.75,80
632,65,1.3988156170016737,21.24969966136499,13268.0,True,200,0.75,80
633,66,1.4181470930016076,21.24969966136499,13469.0,True,200,0.75,80
634,67,1.4380323690020305,21.24969966136499,13670.0,True,200,0.75,80
635,68,1.4572331700001087,21.24969966136499,13871.0,True,200,0.75,80
636,69,1.4765579630002321,21.24969966136499,14072.0,True,200,0.75,80
637,70,1.4967044530021667,21.24969966136499,14273.0,True,200,0.75,80
638,71,1.5223234170007345,21.24969966136499,14474.0,True,200,0.75,80
639,72,1.5422419150017959,21.24969966136499,14675.0,True,200,0.75,80
640,73,1.5620111780008301,21.24969966136499,14876.0,True,200,0.75,80
641,74,1.5815866610028024,21.24969966136499,15077.0,True,200,0.75,80
642,75,1.601105745001405,21.24969966136499,15278.0,True,200,0.75,80
643,76,1.62062231100208,21.24969966136499,15479.0,True,200,0.75,80
644,77,1.6402233300032094,21.24969966136499,15680.0,True,200,0.75,80
645,78,1.6596028690000821,21.24969966136499,15881.0,True,200,0.75,80
646,79,1.6789158310020866,21.24969966136499,16082.0,True,200,0.75,80
647,80,1.697978010000952,21.24969966136499,16283.0,True,200,0.75,80
648,0,0.004557060001388891,0.0,300.0,True,300,0.1,80
649,1,0.043323842000972945,21.689786842663406,602.0,True,300,0.1,80
650,2,0.06813544500255375,21.689786842663406,903.0,True,300,0.1,80
651,3,0.08889406400339794,21.92746421827154,1205.0,True,300,0.1,80
652,4,0.11109519200181239,22.898752510631287,1507.0,True,300,0.1,80
653,5,0.1337598070022068,22.898752510631287,1808.0,True,300,0.1,80
654,6,0.1559826240008988,22.898752510631287,2109.0,True,300,0.1,80
655,7,0.17708090100131813,22.992875142948964,2411.0,True,300,0.1,80
656,8,0.197947448999912,22.992875142948964,2712.0,True,300,0.1,80
657,9,0.21966382700338727,22.992875142948964,3013.0,True,300,0.1,80
658,10,0.244120508999913,22.992875142948964,3314.0,True,300,0.1,80
659,11,0.26640278400009265,22.992875142948964,3615.0,True,300,0.1,80
660,12,0.28794934000325156,22.992875142948964,3916.0,True,300,0.1,80
661,13,0.308865571001661,22.992875142948964,4217.0,True,300,0.1,80
662,14,0.3296315190018504,22.992875142948964,4518.0,True,300,0.1,80
663,15,0.35022293100337265,22.992875142948964,4819.0,True,300,0.1,80
664,16,0.37048610300189466,22.992875142948964,5120.0,True,300,0.1,80
665,17,0.3907346880005207,22.992875142948964,5421.0,True,300,0.1,80
666,18,0.4108792020015244,22.992875142948964,5722.0,True,300,0.1,80
667,19,0.431962842001667,22.992875142948964,6023.0,True,300,0.1,80
668,20,0.4529392240001471,22.992875142948964,6324.0,True,300,0.1,80
669,21,0.47316377900278894,22.992875142948964,6625.0,True,300,0.1,80
670,22,0.49350280100043165,22.992875142948964,6926.0,True,300,0.1,80
671,23,0.5140682340024796,22.992875142948964,7227.0,True,300,0.1,80
672,24,0.5351969310031564,22.992875142948964,7528.0,True,300,0.1,80
673,25,0.5556985930015799,22.992875142948964,7829.0,True,300,0.1,80
674,26,0.5758858310000505,22.992875142948964,8130.0,True,300,0.1,80
675,27,0.5963460250022763,22.992875142948964,8431.0,True,300,0.1,80
676,28,0.6167160290024185,22.992875142948964,8732.0,True,300,0.1,80
677,29,0.6367194310005289,23.442485049105933,9034.0,True,300,0.1,80
678,30,0.6566083790021366,23.442485049105933,9335.0,True,300,0.1,80
679,31,0.6765328200017393,23.442485049105933,9636.0,True,300,0.1,80
680,32,0.6965845930026262,23.442485049105933,9937.0,True,300,0.1,80
681,33,0.7162871690015891,23.442485049105933,10238.0,True,300,0.1,80
682,34,0.7372790150002402,23.442485049105933,10539.0,True,300,0.1,80
683,35,0.7575340550029068,23.442485049105933,10840.0,True,300,0.1,80
684,36,0.7776513120006712,23.442485049105933,11141.0,True,300,0.1,80
685,37,0.7980444050008373,23.442485049105933,11442.0,True,300,0.1,80
686,38,0.8181301080003323,23.442485049105933,11743.0,True,300,0.1,80
687,39,0.8381161249999423,23.442485049105933,12044.0,True,300,0.1,80
688,40,0.8580718970006274,23.442485049105933,12345.0,True,300,0.1,80
689,41,0.8780121520030661,23.442485049105933,12646.0,True,300,0.1,80
690,42,0.8976502040022751,23.442485049105933,12947.0,True,300,0.1,80
691,43,0.9172879190009553,23.442485049105933,13248.0,True,300,0.1,80
692,44,0.9362853750026261,23.442485049105933,13549.0,True,300,0.1,80
693,45,0.9555336869998428,23.442485049105933,13850.0,True,300,0.1,80
694,46,0.9770114540006034,23.442485049105933,14151.0,True,300,0.1,80
695,47,0.9972219810006209,23.442485049105933,14452.0,True,300,0.1,80
696,48,1.0179624900010822,23.442485049105933,14753.0,True,300,0.1,80
697,49,1.0417436950010597,23.442485049105933,15054.0,True,300,0.1,80
698,50,1.0620519860021886,23.442485049105933,15355.0,True,300,0.1,80
699,51,1.1078098899997713,23.442485049105933,15656.0,True,300,0.1,80
700,52,1.1280867990026309,23.442485049105933,15957.0,True,300,0.1,80
701,53,1.1484560620010598,23.442485049105933,16258.0,True,300,0.1,80
702,54,1.1685865390027175,23.442485049105933,16559.0,True,300,0.1,80
703,55,1.1884762910012796,23.442485049105933,16860.0,True,300,0.1,80
704,56,1.2081697909998184,23.442485049105933,17161.0,True,300,0.1,80
705,57,1.2279701290026424,23.442485049105933,17462.0,True,300,0.1,80
706,58,1.2520198400015943,23.442485049105933,17763.0,True,300,0.1,80
707,59,1.2730332230021304,23.442485049105933,18064.0,True,300,0.1,80
708,60,1.293175680002605,23.442485049105933,18365.0,True,300,0.1,80
709,61,1.3183657610024966,23.442485049105933,18666.0,True,300,0.1,80
710,62,1.338271528002224,23.442485049105933,18967.0,True,300,0.1,80
711,63,1.3585788140007935,23.442485049105933,19268.0,True,300,0.1,80
712,64,1.3788862040019012,23.442485049105933,19569.0,True,300,0.1,80
713,65,1.3988156170016737,23.442485049105933,19870.0,True,300,0.1,80
714,66,1.4181470930016076,23.442485049105933,20171.0,True,300,0.1,80
715,67,1.4380323690020305,23.442485049105933,20472.0,True,300,0.1,80
716,68,1.4572331700001087,23.442485049105933,20773.0,True,300,0.1,80
717,69,1.4765579630002321,23.442485049105933,21074.0,True,300,0.1,80
718,70,1.4967044530021667,23.442485049105933,21375.0,True,300,0.1,80
719,71,1.5223234170007345,23.442485049105933,21676.0,True,300,0.1,80
720,72,1.5422419150017959,23.442485049105933,21977.0,True,300,0.1,80
721,73,1.5620111780008301,23.442485049105933,22278.0,True,300,0.1,80
722,74,1.5815866610028024,23.442485049105933,22579.0,True,300,0.1,80
723,75,1.601105745001405,23.442485049105933,22880.0,True,300,0.1,80
724,76,1.62062231100208,23.442485049105933,23181.0,True,300,0.1,80
725,77,1.6402233300032094,23.442485049105933,23482.0,True,300,0.1,80
726,78,1.6596028690000821,23.442485049105933,23783.0,True,300,0.1,80
727,79,1.6789158310020866,23.442485049105933,24084.0,True,300,0.1,80
728,80,1.697978010000952,23.442485049105933,24385.0,True,300,0.1,80
729,0,0.004557060001388891,0.0,300.0,True,300,0.25,80
730,1,0.043323842000972945,21.689786842663406,602.0,True,300,0.25,80
731,2,0.06813544500255375,21.689786842663406,903.0,True,300,0.25,80
732,3,0.08889406400339794,21.92746421827154,1205.0,True,300,0.25,80
733,4,0.11109519200181239,22.898752510631287,1507.0,True,300,0.25,80
734,5,0.1337598070022068,22.898752510631287,1808.0,True,300,0.25,80
735,6,0.1559826240008988,22.898752510631287,2109.0,True,300,0.25,80
736,7,0.17708090100131813,22.992875142948964,2411.0,True,300,0.25,80
737,8,0.197947448999912,22.992875142948964,2712.0,True,300,0.25,80
738,9,0.21966382700338727,22.992875142948964,3013.0,True,300,0.25,80
739,10,0.244120508999913,22.992875142948964,3314.0,True,300,0.25,80
740,11,0.26640278400009265,22.992875142948964,3615.0,True,300,0.25,80
741,12,0.28794934000325156,22.992875142948964,3916.0,True,300,0.25,80
742,13,0.308865571001661,22.992875142948964,4217.0,True,300,0.25,80
743,14,0.3296315190018504,22.992875142948964,4518.0,True,300,0.25,80
744,15,0.35022293100337265,22.992875142948964,4819.0,True,300,0.25,80
745,16,0.37048610300189466,22.992875142948964,5120.0,True,300,0.25,80
746,17,0.3907346880005207,22.992875142948964,5421.0,True,300,0.25,80
747,18,0.4108792020015244,22.992875142948964,5722.0,True,300,0.25,80
748,19,0.431962842001667,22.992875142948964,6023.0,True,300,0.25,80
749,20,0.4529392240001471,22.992875142948964,6324.0,True,300,0.25,80
750,21,0.47316377900278894,22.992875142948964,6625.0,True,300,0.25,80
751,22,0.49350280100043165,22.992875142948964,6926.0,True,300,0.25,80
752,23,0.5140682340024796,22.992875142948964,7227.0,True,300,0.25,80
753,24,0.5351969310031564,22.992875142948964,7528.0,True,300,0.25,80
754,25,0.5556985930015799,22.992875142948964,7829.0,True,300,0.25,80
755,26,0.5758858310000505,22.992875142948964,8130.0,True,300,0.25,80
756,27,0.5963460250022763,22.992875142948964,8431.0,True,300,0.25,80
757,28,0.6167160290024185,22.992875142948964,8732.0,True,300,0.25,80
758,29,0.6367194310005289,23.442485049105933,9034.0,True,300,0.25,80
759,30,0.6566083790021366,23.442485049105933,9335.0,True,300,0.25,80
760,31,0.6765328200017393,23.442485049105933,9636.0,True,300,0.25,80
761,32,0.6965845930026262,23.442485049105933,9937.0,True,300,0.25,80
762,33,0.7162871690015891,23.442485049105933,10238.0,True,300,0.25,80
763,34,0.7372790150002402,23.442485049105933,10539.0,True,300,0.25,80
764,35,0.7575340550029068,23.442485049105933,10840.0,True,300,0.25,80
765,36,0.7776513120006712,23.442485049105933,11141.0,True,300,0.25,80
766,37,0.7980444050008373,23.442485049105933,11442.0,True,300,0.25,80
767,38,0.8181301080003323,23.442485049105933,11743.0,True,300,0.25,80
768,39,0.8381161249999423,23.442485049105933,12044.0,True,300,0.25,80
769,40,0.8580718970006274,23.442485049105933,12345.0,True,300,0.25,80
770,41,0.8780121520030661,23.442485049105933,12646.0,True,300,0.25,80
771,42,0.8976502040022751,23.442485049105933,12947.0,True,300,0.25,80
772,43,0.9172879190009553,23.442485049105933,13248.0,True,300,0.25,80
773,44,0.9362853750026261,23.442485049105933,13549.0,True,300,0.25,80
774,45,0.9555336869998428,23.442485049105933,13850.0,True,300,0.25,80
775,46,0.9770114540006034,23.442485049105933,14151.0,True,300,0.25,80
776,47,0.9972219810006209,23.442485049105933,14452.0,True,300,0.25,80
777,48,1.0179624900010822,23.442485049105933,14753.0,True,300,0.25,80
778,49,1.0417436950010597,23.442485049105933,15054.0,True,300,0.25,80
779,50,1.0620519860021886,23.442485049105933,15355.0,True,300,0.25,80
780,51,1.1078098899997713,23.442485049105933,15656.0,True,300,0.25,80
781,52,1.1280867990026309,23.442485049105933,15957.0,True,300,0.25,80
782,53,1.1484560620010598,23.442485049105933,16258.0,True,300,0.25,80
783,54,1.1685865390027175,23.442485049105933,16559.0,True,300,0.25,80
784,55,1.1884762910012796,23.442485049105933,16860.0,True,300,0.25,80
785,56,1.2081697909998184,23.442485049105933,17161.0,True,300,0.25,80
786,57,1.2279701290026424,23.442485049105933,17462.0,True,300,0.25,80
787,58,1.2520198400015943,23.442485049105933,17763.0,True,300,0.25,80
788,59,1.2730332230021304,23.442485049105933,18064.0,True,300,0.25,80
789,60,1.293175680002605,23.442485049105933,18365.0,True,300,0.25,80
790,61,1.3183657610024966,23.442485049105933,18666.0,True,300,0.25,80
791,62,1.338271528002224,23.442485049105933,18967.0,True,300,0.25,80
792,63,1.3585788140007935,23.442485049105933,19268.0,True,300,0.25,80
793,64,1.3788862040019012,23.442485049105933,19569.0,True,300,0.25,80
794,65,1.3988156170016737,23.442485049105933,19870.0,True,300,0.25,80
795,66,1.4181470930016076,23.442485049105933,20171.0,True,300,0.25,80
796,67,1.4380323690020305,23.442485049105933,20472.0,True,300,0.25,80
797,68,1.4572331700001087,23.442485049105933,20773.0,True,300,0.25,80
798,69,1.4765579630002321,23.442485049105933,21074.0,True,300,0.25,80
799,70,1.4967044530021667,23.442485049105933,21375.0,True,300,0.25,80
800,71,1.5223234170007345,23.442485049105933,21676.0,True,300,0.25,80
801,72,1.5422419150017959,23.442485049105933,21977.0,True,300,0.25,80
802,73,1.5620111780008301,23.442485049105933,22278.0,True,300,0.25,80
803,74,1.5815866610028024,23.442485049105933,22579.0,True,300,0.25,80
804,75,1.601105745001405,23.442485049105933,22880.0,True,300,0.25,80
805,76,1.62062231100208,23.442485049105933,23181.0,True,300,0.25,80
806,77,1.6402233300032094,23.442485049105933,23482.0,True,300,0.25,80
807,78,1.6596028690000821,23.442485049105933,23783.0,True,300,0.25,80
808,79,1.6789158310020866,23.442485049105933,24084.0,True,300,0.25,80
809,80,1.697978010000952,23.442485049105933,24385.0,True,300,0.25,80
810,0,0.004557060001388891,0.0,300.0,True,300,0.5,80
811,1,0.043323842000972945,21.689786842663406,602.0,True,300,0.5,80
812,2,0.06813544500255375,21.689786842663406,903.0,True,300,0.5,80
813,3,0.08889406400339794,21.92746421827154,1205.0,True,300,0.5,80
814,4,0.11109519200181239,22.898752510631287,1507.0,True,300,0.5,80
815,5,0.1337598070022068,22.898752510631287,1808.0,True,300,0.5,80
816,6,0.1559826240008988,22.898752510631287,2109.0,True,300,0.5,80
817,7,0.17708090100131813,22.992875142948964,2411.0,True,300,0.5,80
818,8,0.197947448999912,22.992875142948964,2712.0,True,300,0.5,80
819,9,0.21966382700338727,22.992875142948964,3013.0,True,300,0.5,80
820,10,0.244120508999913,22.992875142948964,3314.0,True,300,0.5,80
821,11,0.26640278400009265,22.992875142948964,3615.0,True,300,0.5,80
822,12,0.28794934000325156,22.992875142948964,3916.0,True,300,0.5,80
823,13,0.308865571001661,22.992875142948964,4217.0,True,300,0.5,80
824,14,0.3296315190018504,22.992875142948964,4518.0,True,300,0.5,80
825,15,0.35022293100337265,22.992875142948964,4819.0,True,300,0.5,80
826,16,0.37048610300189466,22.992875142948964,5120.0,True,300,0.5,80
827,17,0.3907346880005207,22.992875142948964,5421.0,True,300,0.5,80
828,18,0.4108792020015244,22.992875142948964,5722.0,True,300,0.5,80
829,19,0.431962842001667,22.992875142948964,6023.0,True,300,0.5,80
830,20,0.4529392240001471,22.992875142948964,6324.0,True,300,0.5,80
831,21,0.47316377900278894,22.992875142948964,6625.0,True,300,0.5,80
832,22,0.49350280100043165,22.992875142948964,6926.0,True,300,0.5,80
833,23,0.5140682340024796,22.992875142948964,7227.0,True,300,0.5,80
834,24,0.5351969310031564,22.992875142948964,7528.0,True,300,0.5,80
835,25,0.5556985930015799,22.992875142948964,7829.0,True,300,0.5,80
836,26,0.5758858310000505,22.992875142948964,8130.0,True,300,0.5,80
837,27,0.5963460250022763,22.992875142948964,8431.0,True,300,0.5,80
838,28,0.6167160290024185,22.992875142948964,8732.0,True,300,0.5,80
839,29,0.6367194310005289,23.442485049105933,9034.0,True,300,0.5,80
840,30,0.6566083790021366,23.442485049105933,9335.0,True,300,0.5,80
841,31,0.6765328200017393,23.442485049105933,9636.0,True,300,0.5,80
842,32,0.6965845930026262,23.442485049105933,9937.0,True,300,0.5,80
843,33,0.7162871690015891,23.442485049105933,10238.0,True,300,0.5,80
844,34,0.7372790150002402,23.442485049105933,10539.0,True,300,0.5,80
845,35,0.7575340550029068,23.442485049105933,10840.0,True,300,0.5,80
846,36,0.7776513120006712,23.442485049105933,11141.0,True,300,0.5,80
847,37,0.7980444050008373,23.442485049105933,11442.0,True,300,0.5,80
848,38,0.8181301080003323,23.442485049105933,11743.0,True,300,0.5,80
849,39,0.8381161249999423,23.442485049105933,12044.0,True,300,0.5,80
850,40,0.8580718970006274,23.442485049105933,12345.0,True,300,0.5,80
851,41,0.8780121520030661,23.442485049105933,12646.0,True,300,0.5,80
852,42,0.8976502040022751,23.442485049105933,12947.0,True,300,0.5,80
853,43,0.9172879190009553,23.442485049105933,13248.0,True,300,0.5,80
854,44,0.9362853750026261,23.442485049105933,13549.0,True,300,0.5,80
855,45,0.9555336869998428,23.442485049105933,13850.0,True,300,0.5,80
856,46,0.9770114540006034,23.442485049105933,14151.0,True,300,0.5,80
857,47,0.9972219810006209,23.442485049105933,14452.0,True,300,0.5,80
858,48,1.0179624900010822,23.442485049105933,14753.0,True,300,0.5,80
859,49,1.0417436950010597,23.442485049105933,15054.0,True,300,0.5,80
860,50,1.0620519860021886,23.442485049105933,15355.0,True,300,0.5,80
861,51,1.1078098899997713,23.442485049105933,15656.0,True,300,0.5,80
862,52,1.1280867990026309,23.442485049105933,15957.0,True,300,0.5,80
863,53,1.1484560620010598,23.442485049105933,16258.0,True,300,0.5,80
864,54,1.1685865390027175,23.442485049105933,16559.0,True,300,0.5,80
865,55,1.1884762910012796,23.442485049105933,16860.0,True,300,0.5,80
866,56,1.2081697909998184,23.442485049105933,17161.0,True,300,0.5,80
867,57,1.2279701290026424,23.442485049105933,17462.0,True,300,0.5,80
868,58,1.2520198400015943,23.442485049105933,17763.0,True,300,0.5,80
869,59,1.2730332230021304,23.442485049105933,18064.0,True,300,0.5,80
870,60,1.293175680002605,23.442485049105933,18365.0,True,300,0.5,80
871,61,1.3183657610024966,23.442485049105933,18666.0,True,300,0.5,80
872,62,1.338271528002224,23.442485049105933,18967.0,True,300,0.5,80
873,63,1.3585788140007935,23.442485049105933,19268.0,True,300,0.5,80
874,64,1.3788862040019012,23.442485049105933,19569.0,True,300,0.5,80
875,65,1.3988156170016737,23.442485049105933,19870.0,True,300,0.5,80
876,66,1.4181470930016076,23.442485049105933,20171.0,True,300,0.5,80
877,67,1.4380323690020305,23.442485049105933,20472.0,True,300,0.5,80
878,68,1.4572331700001087,23.442485049105933,20773.0,True,300,0.5,80
879,69,1.4765579630002321,23.442485049105933,21074.0,True,300,0.5,80
880,70,1.4967044530021667,23.442485049105933,21375.0,True,300,0.5,80
881,71,1.5223234170007345,23.442485049105933,21676.0,True,300,0.5,80
882,72,1.5422419150017959,23.442485049105933,21977.0,True,300,0.5,80
883,73,1.5620111780008301,23.442485049105933,22278.0,True,300,0.5,80
884,74,1.5815866610028024,23.442485049105933,22579.0,True,300,0.5,80
885,75,1.601105745001405,23.442485049105933,22880.0,True,300,0.5,80
886,76,1.62062231100208,23.442485049105933,23181.0,True,300,0.5,80
887,77,1.6402233300032094,23.442485049105933,23482.0,True,300,0.5,80
888,78,1.6596028690000821,23.442485049105933,23783.0,True,300,0.5,80
889,79,1.6789158310020866,23.442485049105933,24084.0,True,300,0.5,80
890,80,1.697978010000952,23.442485049105933,24385.0,True,300,0.5,80
891,0,0.004557060001388891,0.0,300.0,True,300,0.75,80
892,1,0.043323842000972945,21.689786842663406,602.0,True,300,0.75,80
893,2,0.06813544500255375,21.689786842663406,903.0,True,300,0.75,80
894,3,0.08889406400339794,21.92746421827154,1205.0,True,300,0.75,80
895,4,0.11109519200181239,22.898752510631287,1507.0,True,300,0.75,80
896,5,0.1337598070022068,22.898752510631287,1808.0,True,300,0.75,80
897,6,0.1559826240008988,22.898752510631287,2109.0,True,300,0.75,80
898,7,0.17708090100131813,22.992875142948964,2411.0,True,300,0.75,80
899,8,0.197947448999912,22.992875142948964,2712.0,True,300,0.75,80
900,9,0.21966382700338727,22.992875142948964,3013.0,True,300,0.75,80
901,10,0.244120508999913,22.992875142948964,3314.0,True,300,0.75,80
902,11,0.26640278400009265,22.992875142948964,3615.0,True,300,0.75,80
903,12,0.28794934000325156,22.992875142948964,3916.0,True,300,0.75,80
904,13,0.308865571001661,22.992875142948964,4217.0,True,300,0.75,80
905,14,0.3296315190018504,22.992875142948964,4518.0,True,300,0.75,80
906,15,0.35022293100337265,22.992875142948964,4819.0,True,300,0.75,80
907,16,0.37048610300189466,22.992875142948964,5120.0,True,300,0.75,80
908,17,0.3907346880005207,22.992875142948964,5421.0,True,300,0.75,80
909,18,0.4108792020015244,22.992875142948964,5722.0,True,300,0.75,80
910,19,0.431962842001667,22.992875142948964,6023.0,True,300,0.75,80
911,20,0.4529392240001471,22.992875142948964,6324.0,True,300,0.75,80
912,21,0.47316377900278894,22.992875142948964,6625.0,True,300,0.75,80
913,22,0.49350280100043165,22.992875142948964,6926.0,True,300,0.75,80
914,23,0.5140682340024796,22.992875142948964,7227.0,True,300,0.75,80
915,24,0.5351969310031564,22.992875142948964,7528.0,True,300,0.75,80
916,25,0.5556985930015799,22.992875142948964,7829.0,True,300,0.75,80
917,26,0.5758858310000505,22.992875142948964,8130.0,True,300,0.75,80
918,27,0.5963460250022763,22.992875142948964,8431.0,True,300,0.75,80
919,28,0.6167160290024185,22.992875142948964,8732.0,True,300,0.75,80
920,29,0.6367194310005289,23.442485049105933,9034.0,True,300,0.75,80
921,30,0.6566083790021366,23.442485049105933,9335.0,True,300,0.75,80
922,31,0.6765328200017393,23.442485049105933,9636.0,True,300,0.75,80
923,32,0.6965845930026262,23.442485049105933,9937.0,True,300,0.75,80
924,33,0.7162871690015891,23.442485049105933,10238.0,True,300,0.75,80
925,34,0.7372790150002402,23.442485049105933,10539.0,True,300,0.75,80
926,35,0.7575340550029068,23.442485049105933,10840.0,True,300,0.75,80
927,36,0.7776513120006712,23.442485049105933,11141.0,True,300,0.75,80
928,37,0.7980444050008373,23.442485049105933,11442.0,True,300,0.75,80
929,38,0.8181301080003323,23.442485049105933,11743.0,True,300,0.75,80
930,39,0.8381161249999423,23.442485049105933,12044.0,True,300,0.75,80
931,40,0.8580718970006274,23.442485049105933,12345.0,True,300,0.75,80
932,41,0.8780121520030661,23.442485049105933,12646.0,True,300,0.75,80
933,42,0.8976502040022751,23.442485049105933,12947.0,True,300,0.75,80
934,43,0.9172879190009553,23.442485049105933,13248.0,True,300,0.75,80
935,44,0.9362853750026261,23.442485049105933,13549.0,True,300,0.75,80
936,45,0.9555336869998428,23.442485049105933,13850.0,True,300,0.75,80
937,46,0.9770114540006034,23.442485049105933,14151.0,True,300,0.75,80
938,47,0.9972219810006209,23.442485049105933,14452.0,True,300,0.75,80
939,48,1.0179624900010822,23.442485049105933,14753.0,True,300,0.75,80
940,49,1.0417436950010597,23.442485049105933,15054.0,True,300,0.75,80
941,50,1.0620519860021886,23.442485049105933,15355.0,True,300,0.75,80
942,51,1.1078098899997713,23.442485049105933,15656.0,True,300,0.75,80
943,52,1.1280867990026309,23.442485049105933,15957.0,True,300,0.75,80
944,53,1.1484560620010598,23.442485049105933,16258.0,True,300,0.75,80
945,54,1.1685865390027175,23.442485049105933,16559.0,True,300,0.75,80
946,55,1.1884762910012796,23.442485049105933,16860.0,True,300,0.75,80
947,56,1.2081697909998184,23.442485049105933,17161.0,True,300,0.75,80
948,57,1.2279701290026424,23.442485049105933,17462.0,True,300,0.75,80
949,58,1.2520198400015943,23.442485049105933,17763.0,True,300,0.75,80
950,59,1.2730332230021304,23.442485049105933,18064.0,True,300,0.75,80
951,60,1.293175680002605,23.442485049105933,18365.0,True,300,0.75,80
952,61,1.3183657610024966,23.442485049105933,18666.0,True,300,0.75,80
953,62,1.338271528002224,23.442485049105933,18967.0,True,300,0.75,80
954,63,1.3585788140007935,23.442485049105933,19268.0,True,300,0.75,80
955,64,1.3788862040019012,23.442485049105933,19569.0,True,300,0.75,80
956,65,1.3988156170016737,23.442485049105933,19870.0,True,300,0.75,80
957,66,1.4181470930016076,23.442485049105933,20171.0,True,300,0.75,80
958,67,1.4380323690020305,23.442485049105933,20472.0,True,300,0.75,80
959,68,1.4572331700001087,23.442485049105933,20773.0,True,300,0.75,80
960,69,1.4765579630002321,23.442485049105933,21074.0,True,300,0.75,80
961,70,1.4967044530021667,23.442485049105933,21375.0,True,300,0.75,80
962,71,1.5223234170007345,23.442485049105933,21676.0,True,300,0.75,80
963,72,1.5422419150017959,23.442485049105933,21977.0,True,300,0.75,80
964,73,1.5620111780008301,23.442485049105933,22278.0,True,300,0.75,80
965,74,1.5815866610028024,23.442485049105933,22579.0,True,300,0.75,80
966,75,1.601105745001405,23.442485049105933,22880.0,True,300,0.75,80
967,76,1.62062231100208,23.442485049105933,23181.0,True,300,0.75,80
968,77,1.6402233300032094,23.442485049105933,23482.0,True,300,0.75,80
969,78,1.6596028690000821,23.442485049105933,23783.0,True,300,0.75,80
970,79,1.6789158310020866,23.442485049105933,24084.0,True,300,0.75,80
971,80,1.697978010000952,23.442485049105933,24385.0,True,300,0.75,80
972,0,0.004557060001388891,0.0,400.0,True,400,0.1,80
973,1,0.043323842000972945,21.321684355628673,802.0,True,400,0.1,80
974,2,0.06813544500255375,21.321684355628673,1203.0,True,400,0.1,80
975,3,0.08889406400339794,21.321684355628673,1604.0,True,400,0.1,80
976,4,0.11109519200181239,21.321684355628673,2005.0,True,400,0.1,80
977,5,0.1337598070022068,21.321684355628673,2406.0,True,400,0.1,80
978,6,0.1559826240008988,21.321684355628673,2807.0,True,400,0.1,80
979,7,0.17708090100131813,21.321684355628673,3208.0,True,400,0.1,80
980,8,0.197947448999912,21.321684355628673,3609.0,True,400,0.1,80
981,9,0.21966382700338727,21.321684355628673,4010.0,True,400,0.1,80
982,10,0.244120508999913,21.321684355628673,4411.0,True,400,0.1,80
983,11,0.26640278400009265,21.321684355628673,4812.0,True,400,0.1,80
984,12,0.28794934000325156,22.38501825057655,5214.0,True,400,0.1,80
985,13,0.308865571001661,22.38501825057655,5615.0,True,400,0.1,80
986,14,0.3296315190018504,22.38501825057655,6016.0,True,400,0.1,80
987,15,0.35022293100337265,22.38501825057655,6417.0,True,400,0.1,80
988,16,0.37048610300189466,22.38501825057655,6818.0,True,400,0.1,80
989,17,0.3907346880005207,22.38501825057655,7219.0,True,400,0.1,80
990,18,0.4108792020015244,22.559607497777368,7621.0,True,400,0.1,80
991,19,0.431962842001667,22.559607497777368,8022.0,True,400,0.1,80
992,20,0.4529392240001471,22.559607497777368,8423.0,True,400,0.1,80
993,21,0.47316377900278894,22.559607497777368,8824.0,True,400,0.1,80
994,22,0.49350280100043165,22.559607497777368,9225.0,True,400,0.1,80
995,23,0.5140682340024796,22.559607497777368,9626.0,True,400,0.1,80
996,24,0.5351969310031564,22.559607497777368,10027.0,True,400,0.1,80
997,25,0.5556985930015799,22.559607497777368,10428.0,True,400,0.1,80
998,26,0.5758858310000505,22.559607497777368,10829.0,True,400,0.1,80
999,27,0.5963460250022763,22.559607497777368,11230.0,True,400,0.1,80
1000,28,0.6167160290024185,22.559607497777368,11631.0,True,400,0.1,80
1001,29,0.6367194310005289,22.559607497777368,12032.0,True,400,0.1,80
1002,30,0.6566083790021366,22.559607497777368,12433.0,True,400,0.1,80
1003,31,0.6765328200017393,22.559607497777368,12834.0,True,400,0.1,80
1004,32,0.6965845930026262,22.559607497777368,13235.0,True,400,0.1,80
1005,33,0.7162871690015891,22.559607497777368,13636.0,True,400,0.1,80
1006,34,0.7372790150002402,22.559607497777368,14037.0,True,400,0.1,80
1007,35,0.7575340550029068,22.559607497777368,14438.0,True,400,0.1,80
1008,36,0.7776513120006712,22.559607497777368,14839.0,True,400,0.1,80
1009,37,0.7980444050008373,22.559607497777368,15240.0,True,400,0.1,80
1010,38,0.8181301080003323,22.559607497777368,15641.0,True,400,0.1,80
1011,39,0.8381161249999423,22.559607497777368,16042.0,True,400,0.1,80
1012,40,0.8580718970006274,22.559607497777368,16443.0,True,400,0.1,80
1013,41,0.8780121520030661,22.559607497777368,16844.0,True,400,0.1,80
1014,42,0.8976502040022751,22.559607497777368,17245.0,True,400,0.1,80
1015,43,0.9172879190009553,22.559607497777368,17646.0,True,400,0.1,80
1016,44,0.9362853750026261,22.559607497777368,18047.0,True,400,0.1,80
1017,45,0.9555336869998428,22.559607497777368,18448.0,True,400,0.1,80
1018,46,0.9770114540006034,22.559607497777368,18849.0,True,400,0.1,80
1019,47,0.9972219810006209,22.559607497777368,19250.0,True,400,0.1,80
1020,48,1.0179624900010822,22.559607497777368,19651.0,True,400,0.1,80
1021,49,1.0417436950010597,22.559607497777368,20052.0,True,400,0.1,80
1022,50,1.0620519860021886,22.559607497777368,20453.0,True,400,0.1,80
1023,51,1.1078098899997713,22.559607497777368,20854.0,True,400,0.1,80
1024,52,1.1280867990026309,22.559607497777368,21255.0,True,400,0.1,80
1025,53,1.1484560620010598,22.559607497777368,21656.0,True,400,0.1,80
1026,54,1.1685865390027175,22.559607497777368,22057.0,True,400,0.1,80
1027,55,1.1884762910012796,22.559607497777368,22458.0,True,400,0.1,80
1028,56,1.2081697909998184,22.559607497777368,22859.0,True,400,0.1,80
1029,57,1.2279701290026424,22.559607497777368,23260.0,True,400,0.1,80
1030,58,1.2520198400015943,22.559607497777368,23661.0,True,400,0.1,80
1031,59,1.2730332230021304,22.559607497777368,24062.0,True,400,0.1,80
1032,60,1.293175680002605,22.559607497777368,24463.0,True,400,0.1,80
1033,61,1.3183657610024966,22.559607497777368,24864.0,True,400,0.1,80
1034,62,1.338271528002224,22.559607497777368,25265.0,True,400,0.1,80
1035,63,1.3585788140007935,22.559607497777368,25666.0,True,400,0.1,80
1036,64,1.3788862040019012,22.559607497777368,26067.0,True,400,0.1,80
1037,65,1.3988156170016737,22.559607497777368,26468.0,True,400,0.1,80
1038,66,1.4181470930016076,22.559607497777368,26869.0,True,400,0.1,80
1039,67,1.4380323690020305,22.559607497777368,27270.0,True,400,0.1,80
1040,68,1.4572331700001087,22.559607497777368,27671.0,True,400,0.1,80
1041,69,1.4765579630002321,22.559607497777368,28072.0,True,400,0.1,80
1042,70,1.4967044530021667,22.559607497777368,28473.0,True,400,0.1,80
1043,71,1.5223234170007345,22.559607497777368,28874.0,True,400,0.1,80
1044,72,1.5422419150017959,22.559607497777368,29275.0,True,400,0.1,80
1045,73,1.5620111780008301,22.559607497777368,29676.0,True,400,0.1,80
1046,74,1.5815866610028024,22.559607497777368,30077.0,True,400,0.1,80
1047,75,1.601105745001405,22.559607497777368,30478.0,True,400,0.1,80
1048,76,1.62062231100208,22.559607497777368,30879.0,True,400,0.1,80
1049,77,1.6402233300032094,22.559607497777368,31280.0,True,400,0.1,80
1050,78,1.6596028690000821,22.559607497777368,31681.0,True,400,0.1,80
1051,79,1.6789158310020866,22.559607497777368,32082.0,True,400,0.1,80
1052,80,1.697978010000952,22.559607497777368,32483.0,True,400,0.1,80
1053,0,0.004557060001388891,0.0,400.0,True,400,0.25,80
1054,1,0.043323842000972945,21.321684355628673,802.0,True,400,0.25,80
1055,2,0.06813544500255375,21.321684355628673,1203.0,True,400,0.25,80
1056,3,0.08889406400339794,21.321684355628673,1604.0,True,400,0.25,80
1057,4,0.11109519200181239,21.321684355628673,2005.0,True,400,0.25,80
1058,5,0.1337598070022068,21.321684355628673,2406.0,True,400,0.25,80
1059,6,0.1559826240008988,21.321684355628673,2807.0,True,400,0.25,80
1060,7,0.17708090100131813,21.321684355628673,3208.0,True,400,0.25,80
1061,8,0.197947448999912,21.321684355628673,3609.0,True,400,0.25,80
1062,9,0.21966382700338727,21.321684355628673,4010.0,True,400,0.25,80
1063,10,0.244120508999913,21.321684355628673,4411.0,True,400,0.25,80
1064,11,0.26640278400009265,21.321684355628673,4812.0,True,400,0.25,80
1065,12,0.28794934000325156,22.38501825057655,5214.0,True,400,0.25,80
1066,13,0.308865571001661,22.38501825057655,5615.0,True,400,0.25,80
1067,14,0.3296315190018504,22.38501825057655,6016.0,True,400,0.25,80
1068,15,0.35022293100337265,22.38501825057655,6417.0,True,400,0.25,80
1069,16,0.37048610300189466,22.38501825057655,6818.0,True,400,0.25,80
1070,17,0.3907346880005207,22.38501825057655,7219.0,True,400,0.25,80
1071,18,0.4108792020015244,22.559607497777368,7621.0,True,400,0.25,80
1072,19,0.431962842001667,22.559607497777368,8022.0,True,400,0.25,80
1073,20,0.4529392240001471,22.559607497777368,8423.0,True,400,0.25,80
1074,21,0.47316377900278894,22.559607497777368,8824.0,True,400,0.25,80
1075,22,0.49350280100043165,22.559607497777368,9225.0,True,400,0.25,80
1076,23,0.5140682340024796,22.559607497777368,9626.0,True,400,0.25,80
1077,24,0.5351969310031564,22.559607497777368,10027.0,True,400,0.25,80
1078,25,0.5556985930015799,22.559607497777368,10428.0,True,400,0.25,80
1079,26,0.5758858310000505,22.559607497777368,10829.0,True,400,0.25,80
1080,27,0.5963460250022763,22.559607497777368,11230.0,True,400,0.25,80
1081,28,0.6167160290024185,22.559607497777368,11631.0,True,400,0.25,80
1082,29,0.6367194310005289,22.559607497777368,12032.0,True,400,0.25,80
1083,30,0.6566083790021366,22.559607497777368,12433.0,True,400,0.25,80
1084,31,0.6765328200017393,22.559607497777368,12834.0,True,400,0.25,80
1085,32,0.6965845930026262,22.559607497777368,13235.0,True,400,0.25,80
1086,33,0.7162871690015891,22.559607497777368,13636.0,True,400,0.25,80
1087,34,0.7372790150002402,22.559607497777368,14037.0,True,400,0.25,80
1088,35,0.7575340550029068,22.559607497777368,14438.0,True,400,0.25,80
1089,36,0.7776513120006712,22.559607497777368,14839.0,True,400,0.25,80
1090,37,0.7980444050008373,22.559607497777368,15240.0,True,400,0.25,80
1091,38,0.8181301080003323,22.559607497777368,15641.0,True,400,0.25,80
1092,39,0.8381161249999423,22.559607497777368,16042.0,True,400,0.25,80
1093,40,0.8580718970006274,22.559607497777368,16443.0,True,400,0.25,80
1094,41,0.8780121520030661,22.559607497777368,16844.0,True,400,0.25,80
1095,42,0.8976502040022751,22.559607497777368,17245.0,True,400,0.25,80
1096,43,0.9172879190009553,22.559607497777368,17646.0,True,400,0.25,80
1097,44,0.9362853750026261,22.559607497777368,18047.0,True,400,0.25,80
1098,45,0.9555336869998428,22.559607497777368,18448.0,True,400,0.25,80
1099,46,0.9770114540006034,22.559607497777368,18849.0,True,400,0.25,80
1100,47,0.9972219810006209,22.559607497777368,19250.0,True,400,0.25,80
1101,48,1.0179624900010822,22.559607497777368,19651.0,True,400,0.25,80
1102,49,1.0417436950010597,22.559607497777368,20052.0,True,400,0.25,80
1103,50,1.0620519860021886,22.559607497777368,20453.0,True,400,0.25,80
1104,51,1.1078098899997713,22.559607497777368,20854.0,True,400,0.25,80
1105,52,1.1280867990026309,22.559607497777368,21255.0,True,400,0.25,80
1106,53,1.1484560620010598,22.559607497777368,21656.0,True,400,0.25,80
1107,54,1.1685865390027175,22.559607497777368,22057.0,True,400,0.25,80
1108,55,1.1884762910012796,22.559607497777368,22458.0,True,400,0.25,80
1109,56,1.2081697909998184,22.559607497777368,22859.0,True,400,0.25,80
1110,57,1.2279701290026424,22.559607497777368,23260.0,True,400,0.25,80
1111,58,1.2520198400015943,22.559607497777368,23661.0,True,400,0.25,80
1112,59,1.2730332230021304,22.559607497777368,24062.0,True,400,0.25,80
1113,60,1.293175680002605,22.559607497777368,24463.0,True,400,0.25,80
1114,61,1.3183657610024966,22.559607497777368,24864.0,True,400,0.25,80
1115,62,1.338271528002224,22.559607497777368,25265.0,True,400,0.25,80
1116,63,1.3585788140007935,22.559607497777368,25666.0,True,400,0.25,80
1117,64,1.3788862040019012,22.559607497777368,26067.0,True,400,0.25,80
1118,65,1.3988156170016737,22.559607497777368,26468.0,True,400,0.25,80
1119,66,1.4181470930016076,22.559607497777368,26869.0,True,400,0.25,80
1120,67,1.4380323690020305,22.559607497777368,27270.0,True,400,0.25,80
1121,68,1.4572331700001087,22.559607497777368,27671.0,True,400,0.25,80
1122,69,1.4765579630002321,22.559607497777368,28072.0,True,400,0.25,80
1123,70,1.4967044530021667,22.559607497777368,28473.0,True,400,0.25,80
1124,71,1.5223234170007345,22.559607497777368,28874.0,True,400,0.25,80
1125,72,1.5422419150017959,22.559607497777368,29275.0,True,400,0.25,80
1126,73,1.5620111780008301,22.559607497777368,29676.0,True,400,0.25,80
1127,74,1.5815866610028024,22.559607497777368,30077.0,True,400,0.25,80
1128,75,1.601105745001405,22.559607497777368,30478.0,True,400,0.25,80
1129,76,1.62062231100208,22.559607497777368,30879.0,True,400,0.25,80
1130,77,1.6402233300032094,22.559607497777368,31280.0,True,400,0.25,80
1131,78,1.6596028690000821,22.559607497777368,31681.0,True,400,0.25,80
1132,79,1.6789158310020866,22.559607497777368,32082.0,True,400,0.25,80
1133,80,1.697978010000952,22.559607497777368,32483.0,True,400,0.25,80
1134,0,0.004557060001388891,0.0,400.0,True,400,0.5,80
1135,1,0.043323842000972945,21.321684355628673,802.0,True,400,0.5,80
1136,2,0.06813544500255375,21.321684355628673,1203.0,True,400,0.5,80
1137,3,0.08889406400339794,21.321684355628673,1604.0,True,400,0.5,80
1138,4,0.11109519200181239,21.321684355628673,2005.0,True,400,0.5,80
1139,5,0.1337598070022068,21.321684355628673,2406.0,True,400,0.5,80
1140,6,0.1559826240008988,21.321684355628673,2807.0,True,400,0.5,80
1141,7,0.17708090100131813,21.321684355628673,3208.0,True,400,0.5,80
1142,8,0.197947448999912,21.321684355628673,3609.0,True,400,0.5,80
1143,9,0.21966382700338727,21.321684355628673,4010.0,True,400,0.5,80
1144,10,0.244120508999913,21.321684355628673,4411.0,True,400,0.5,80
1145,11,0.26640278400009265,21.321684355628673,4812.0,True,400,0.5,80
1146,12,0.28794934000325156,22.38501825057655,5214.0,True,400,0.5,80
1147,13,0.308865571001661,22.38501825057655,5615.0,True,400,0.5,80
1148,14,0.3296315190018504,22.38501825057655,6016.0,True,400,0.5,80
1149,15,0.35022293100337265,22.38501825057655,6417.0,True,400,0.5,80
1150,16,0.37048610300189466,22.38501825057655,6818.0,True,400,0.5,80
1151,17,0.3907346880005207,22.38501825057655,7219.0,True,400,0.5,80
1152,18,0.4108792020015244,22.559607497777368,7621.0,True,400,0.5,80
1153,19,0.431962842001667,22.559607497777368,8022.0,True,400,0.5,80
1154,20,0.4529392240001471,22.559607497777368,8423.0,True,400,0.5,80
1155,21,0.47316377900278894,22.559607497777368,8824.0,True,400,0.5,80
1156,22,0.49350280100043165,22.559607497777368,9225.0,True,400,0.5,80
1157,23,0.5140682340024796,22.559607497777368,9626.0,True,400,0.5,80
1158,24,0.5351969310031564,22.559607497777368,10027.0,True,400,0.5,80
1159,25,0.5556985930015799,22.559607497777368,10428.0,True,400,0.5,80
1160,26,0.5758858310000505,22.559607497777368,10829.0,True,400,0.5,80
1161,27,0.5963460250022763,22.559607497777368,11230.0,True,400,0.5,80
1162,28,0.6167160290024185,22.559607497777368,11631.0,True,400,0.5,80
1163,29,0.6367194310005289,22.559607497777368,12032.0,True,400,0.5,80
1164,30,0.6566083790021366,22.559607497777368,12433.0,True,400,0.5,80
1165,31,0.6765328200017393,22.559607497777368,12834.0,True,400,0.5,80
1166,32,0.6965845930026262,22.559607497777368,13235.0,True,400,0.5,80
1167,33,0.7162871690015891,22.559607497777368,13636.0,True,400,0.5,80
1168,34,0.7372790150002402,22.559607497777368,14037.0,True,400,0.5,80
1169,35,0.7575340550029068,22.559607497777368,14438.0,True,400,0.5,80
1170,36,0.7776513120006712,22.559607497777368,14839.0,True,400,0.5,80
1171,37,0.7980444050008373,22.559607497777368,15240.0,True,400,0.5,80
1172,38,0.8181301080003323,22.559607497777368,15641.0,True,400,0.5,80
1173,39,0.8381161249999423,22.559607497777368,16042.0,True,400,0.5,80
1174,40,0.8580718970006274,22.559607497777368,16443.0,True,400,0.5,80
1175,41,0.8780121520030661,22.559607497777368,16844.0,True,400,0.5,80
1176,42,0.8976502040022751,22.559607497777368,17245.0,True,400,0.5,80
1177,43,0.9172879190009553,22.559607497777368,17646.0,True,400,0.5,80
1178,44,0.9362853750026261,22.559607497777368,18047.0,True,400,0.5,80
1179,45,0.9555336869998428,22.559607497777368,18448.0,True,400,0.5,80
1180,46,0.9770114540006034,22.559607497777368,18849.0,True,400,0.5,80
1181,47,0.9972219810006209,22.559607497777368,19250.0,True,400,0.5,80
1182,48,1.0179624900010822,22.559607497777368,19651.0,True,400,0.5,80
1183,49,1.0417436950010597,22.559607497777368,20052.0,True,400,0.5,80
1184,50,1.0620519860021886,22.559607497777368,20453.0,True,400,0.5,80
1185,51,1.1078098899997713,22.559607497777368,20854.0,True,400,0.5,80
1186,52,1.1280867990026309,22.559607497777368,21255.0,True,400,0.5,80
1187,53,1.1484560620010598,22.559607497777368,21656.0,True,400,0.5,80
1188,54,1.1685865390027175,22.559607497777368,22057.0,True,400,0.5,80
1189,55,1.1884762910012796,22.559607497777368,22458.0,True,400,0.5,80
1190,56,1.2081697909998184,22.559607497777368,22859.0,True,400,0.5,80
1191,57,1.2279701290026424,22.559607497777368,23260.0,True,400,0.5,80
1192,58,1.2520198400015943,22.559607497777368,23661.0,True,400,0.5,80
1193,59,1.2730332230021304,22.559607497777368,24062.0,True,400,0.5,80
1194,60,1.293175680002605,22.559607497777368,24463.0,True,400,0.5,80
1195,61,1.3183657610024966,22.559607497777368,24864.0,True,400,0.5,80
1196,62,1.338271528002224,22.559607497777368,25265.0,True,400,0.5,80
1197,63,1.3585788140007935,22.559607497777368,25666.0,True,400,0.5,80
1198,64,1.3788862040019012,22.559607497777368,26067.0,True,400,0.5,80
1199,65,1.3988156170016737,22.559607497777368,26468.0,True,400,0.5,80
1200,66,1.4181470930016076,22.559607497777368,26869.0,True,400,0.5,80
1201,67,1.4380323690020305,22.559607497777368,27270.0,True,400,0.5,80
1202,68,1.4572331700001087,22.559607497777368,27671.0,True,400,0.5,80
1203,69,1.4765579630002321,22.559607497777368,28072.0,True,400,0.5,80
1204,70,1.4967044530021667,22.559607497777368,28473.0,True,400,0.5,80
1205,71,1.5223234170007345,22.559607497777368,28874.0,True,400,0.5,80
1206,72,1.5422419150017959,22.559607497777368,29275.0,True,400,0.5,80
1207,73,1.5620111780008301,22.559607497777368,29676.0,True,400,0.5,80
1208,74,1.5815866610028024,22.559607497777368,30077.0,True,400,0.5,80
1209,75,1.601105745001405,22.559607497777368,30478.0,True,400,0.5,80
1210,76,1.62062231100208,22.559607497777368,30879.0,True,400,0.5,80
1211,77,1.6402233300032094,22.559607497777368,31280.0,True,400,0.5,80
1212,78,1.6596028690000821,22.559607497777368,31681.0,True,400,0.5,80
1213,79,1.6789158310020866,22.559607497777368,32082.0,True,400,0.5,80
1214,80,1.697978010000952,22.559607497777368,32483.0,True,400,0.5,80
1215,0,0.004557060001388891,0.0,400.0,True,400,0.75,80
1216,1,0.043323842000972945,21.321684355628673,802.0,True,400,0.75,80
1217,2,0.06813544500255375,21.321684355628673,1203.0,True,400,0.75,80
1218,3,0.08889406400339794,21.321684355628673,1604.0,True,400,0.75,80
1219,4,0.11109519200181239,21.321684355628673,2005.0,True,400,0.75,80
1220,5,0.1337598070022068,21.321684355628673,2406.0,True,400,0.75,80
1221,6,0.1559826240008988,21.321684355628673,2807.0,True,400,0.75,80
1222,7,0.17708090100131813,21.321684355628673,3208.0,True,400,0.75,80
1223,8,0.197947448999912,21.321684355628673,3609.0,True,400,0.75,80
1224,9,0.21966382700338727,21.321684355628673,4010.0,True,400,0.75,80
1225,10,0.244120508999913,21.321684355628673,4411.0,True,400,0.75,80
1226,11,0.26640278400009265,21.321684355628673,4812.0,True,400,0.75,80
1227,12,0.28794934000325156,22.38501825057655,5214.0,True,400,0.75,80
1228,13,0.308865571001661,22.38501825057655,5615.0,True,400,0.75,80
1229,14,0.3296315190018504,22.38501825057655,6016.0,True,400,0.75,80
1230,15,0.35022293100337265,22.38501825057655,6417.0,True,400,0.75,80
1231,16,0.37048610300189466,22.38501825057655,6818.0,True,400,0.75,80
1232,17,0.3907346880005207,22.38501825057655,7219.0,True,400,0.75,80
1233,18,0.4108792020015244,22.559607497777368,7621.0,True,400,0.75,80
1234,19,0.431962842001667,22.559607497777368,8022.0,True,400,0.75,80
1235,20,0.4529392240001471,22.559607497777368,8423.0,True,400,0.75,80
1236,21,0.47316377900278894,22.559607497777368,8824.0,True,400,0.75,80
1237,22,0.49350280100043165,22.559607497777368,9225.0,True,400,0.75,80
1238,23,0.5140682340024796,22.559607497777368,9626.0,True,400,0.75,80
1239,24,0.5351969310031564,22.559607497777368,10027.0,True,400,0.75,80
1240,25,0.5556985930015799,22.559607497777368,10428.0,True,400,0.75,80
1241,26,0.5758858310000505,22.559607497777368,10829.0,True,400,0.75,80
1242,27,0.5963460250022763,22.559607497777368,11230.0,True,400,0.75,80
1243,28,0.6167160290024185,22.559607497777368,11631.0,True,400,0.75,80
1244,29,0.6367194310005289,22.559607497777368,12032.0,True,400,0.75,80
1245,30,0.6566083790021366,22.559607497777368,12433.0,True,400,0.75,80
1246,31,0.6765328200017393,22.559607497777368,12834.0,True,400,0.75,80
1247,32,0.6965845930026262,22.559607497777368,13235.0,True,400,0.75,80
1248,33,0.7162871690015891,22.559607497777368,13636.0,True,400,0.75,80
1249,34,0.7372790150002402,22.559607497777368,14037.0,True,400,0.75,80
1250,35,0.7575340550029068,22.559607497777368,14438.0,True,400,0.75,80
1251,36,0.7776513120006712,22.559607497777368,14839.0,True,400,0.75,80
1252,37,0.7980444050008373,22.559607497777368,15240.0,True,400,0.75,80
1253,38,0.8181301080003323,22.559607497777368,15641.0,True,400,0.75,80
1254,39,0.8381161249999423,22.559607497777368,16042.0,True,400,0.75,80
1255,40,0.8580718970006274,22.559607497777368,16443.0,True,400,0.75,80
1256,41,0.8780121520030661,22.559607497777368,16844.0,True,400,0.75,80
1257,42,0.8976502040022751,22.559607497777368,17245.0,True,400,0.75,80
1258,43,0.9172879190009553,22.559607497777368,17646.0,True,400,0.75,80
1259,44,0.9362853750026261,22.559607497777368,18047.0,True,400,0.75,80
1260,45,0.9555336869998428,22.559607497777368,18448.0,True,400,0.75,80
1261,46,0.9770114540006034,22.559607497777368,18849.0,True,400,0.75,80
1262,47,0.9972219810006209,22.559607497777368,19250.0,True,400,0.75,80
1263,48,1.0179624900010822,22.559607497777368,19651.0,True,400,0.75,80
1264,49,1.0417436950010597,22.559607497777368,20052.0,True,400,0.75,80
1265,50,1.0620519860021886,22.559607497777368,20453.0,True,400,0.75,80
1266,51,1.1078098899997713,22.559607497777368,20854.0,True,400,0.75,80
1267,52,1.1280867990026309,22.559607497777368,21255.0,True,400,0.75,80
1268,53,1.1484560620010598,22.559607497777368,21656.0,True,400,0.75,80
1269,54,1.1685865390027175,22.559607497777368,22057.0,True,400,0.75,80
1270,55,1.1884762910012796,22.559607497777368,22458.0,True,400,0.75,80
1271,56,1.2081697909998184,22.559607497777368,22859.0,True,400,0.75,80
1272,57,1.2279701290026424,22.559607497777368,23260.0,True,400,0.75,80
1273,58,1.2520198400015943,22.559607497777368,23661.0,True,400,0.75,80
1274,59,1.2730332230021304,22.559607497777368,24062.0,True,400,0.75,80
1275,60,1.293175680002605,22.559607497777368,24463.0,True,400,0.75,80
1276,61,1.3183657610024966,22.559607497777368,24864.0,True,400,0.75,80
1277,62,1.338271528002224,22.559607497777368,25265.0,True,400,0.75,80
1278,63,1.3585788140007935,22.559607497777368,25666.0,True,400,0.75,80
1279,64,1.3788862040019012,22.559607497777368,26067.0,True,400,0.75,80
1280,65,1.3988156170016737,22.559607497777368,26468.0,True,400,0.75,80
1281,66,1.4181470930016076,22.559607497777368,26869.0,True,400,0.75,80
1282,67,1.4380323690020305,22.559607497777368,27270.0,True,400,0.75,80
1283,68,1.4572331700001087,22.559607497777368,27671.0,True,400,0.75,80
1284,69,1.4765579630002321,22.559607497777368,28072.0,True,400,0.75,80
1285,70,1.4967044530021667,22.559607497777368,28473.0,True,400,0.75,80
1286,71,1.5223234170007345,22.559607497777368,28874.0,True,400,0.75,80
1287,72,1.5422419150017959,22.559607497777368,29275.0,True,400,0.75,80
1288,73,1.5620111780008301,22.559607497777368,29676.0,True,400,0.75,80
1289,74,1.5815866610028024,22.559607497777368,30077.0,True,400,0.75,80
1290,75,1.601105745001405,22.559607497777368,30478.0,True,400,0.75,80
1291,76,1.62062231100208,22.559607497777368,30879.0,True,400,0.75,80
1292,77,1.6402233300032094,22.559607497777368,31280.0,True,400,0.75,80
1293,78,1.6596028690000821,22.559607497777368,31681.0,True,400,0.75,80
1294,79,1.6789158310020866,22.559607497777368,32082.0,True,400,0.75,80
1295,80,1.697978010000952,22.559607497777368,32483.0,True,400,0.75,80
